,Player,Nation,Pos,Squad.2,Age,Born,90s,Touches,Def_Pen,Def_3rd,Mid_3rd,Att_3rd,Att_Pen,Live,Att,Succ,Succ%,Tkld,Tkld%,Carries,TotDist,PrgDist,PrgC,1/3,CPA,Mis,Dis,Rec,PrgR
0,Patrick van Aanholt,nl NED,"MF,DF",PSV Eindhoven,32,1990,1.1,59,0,12,39,9,2,59,0,0,0.0,0,0.0,29,84,25,0,0,0,4,0,35,2
1,Brenden Aaronson,us USA,MF,Union Berlin,22,2000,1.5,66,6,22,28,17,6,66,2,1,50.0,1,50.0,28,104,61,0,0,0,4,1,35,4
2,Salis Abdul Samed,gh GHA,MF,Lens,23,2000,5.5,243,12,49,153,41,7,243,3,1,33.3,1,33.3,175,1013,330,4,6,1,5,8,173,4
3,Francesco Acerbi,it ITA,DF,Inter,35,1988,4.7,337,35,152,157,29,6,337,1,1,100.0,0,0.0,171,846,496,5,2,0,2,0,227,5
4,Elias Achouri,tn TUN,"FW,MF",FC Copenhagen,24,1999,6.1,278,4,55,82,149,21,278,44,17,38.6,27,61.4,161,1155,551,17,11,9,16,17,179,38
5,Marcos Acuña,ar ARG,DF,Sevilla,31,1991,2.2,103,4,37,45,22,0,103,4,1,25.0,3,75.0,53,255,94,2,1,0,4,1,52,5
6,Karim Adeyemi,de GER,FW,Dortmund,21,2002,7.9,311,7,60,100,159,32,311,35,13,37.1,22,62.9,213,1688,787,26,17,15,23,10,202,50
7,Yacine Adli,fr FRA,MF,Milan,23,2000,1.4,111,5,17,59,37,0,111,3,2,66.7,1,33.3,72,494,262,4,2,0,4,1,73,1
8,Ruben Aguilar,fr FRA,DF,Lens,30,1993,1.1,55,1,16,31,9,0,55,1,0,0.0,1,100.0,23,111,21,0,0,0,1,1,20,3
9,Manuel Akanji,ch SUI,"DF,MF",Manchester City,28,1995,7.4,688,32,188,400,105,11,688,2,1,50.0,1,50.0,423,2231,1256,15,13,0,2,6,558,13
10,Nathan Aké,nl NED,"DF,MF",Manchester City,28,1995,4.3,447,13,85,291,75,6,447,1,1,100.0,0,0.0,283,1560,968,10,14,0,3,1,369,6
11,Kerem Aktürkoğlu,tr TUR,"MF,FW",Galatasaray,24,1998,4.9,212,6,26,78,114,27,212,14,3,21.4,10,71.4,133,789,284,11,6,6,22,3,129,33
12,David Alaba,at AUT,DF,Real Madrid,31,1992,2.8,238,16,94,103,41,8,238,4,1,25.0,3,75.0,182,798,360,2,0,0,2,0,192,9
13,Luis Alberto,es ESP,MF,Lazio,30,1992,7.1,565,9,78,317,171,8,565,9,4,44.4,5,55.6,327,1594,890,18,18,1,8,7,413,32
14,Toby Alderweireld,be BEL,DF,Antwerp,34,1989,5.0,375,45,197,152,26,11,374,1,1,100.0,0,0.0,253,1191,633,2,1,0,0,2,257,2
15,Mohamed Ali Cho,fr FRA,"FW,MF",Real Sociedad,19,2004,1.5,53,0,2,25,27,4,53,7,0,0.0,6,85.7,46,322,109,8,3,3,5,5,42,11
16,Miguel Almirón,py PAR,FW,Newcastle Utd,29,1994,4.6,232,6,33,89,115,17,232,15,1,6.7,6,40.0,141,984,591,18,18,2,10,4,151,30
17,Marcos Alonso,es ESP,"DF,FW",Barcelona,32,1990,1.5,113,6,23,47,44,2,113,3,0,0.0,3,100.0,63,295,114,1,3,0,2,2,71,14
18,Barış Alper Yılmaz,tr TUR,"FW,MF",Galatasaray,23,2000,1.4,52,0,9,23,22,6,52,1,0,0.0,1,100.0,36,221,101,4,4,1,5,1,39,14
19,Julián Álvarez,ar ARG,"MF,FW",Manchester City,23,2000,3.1,223,2,4,67,152,17,223,9,6,66.7,3,33.3,129,798,462,16,12,0,8,10,177,26
20,Mohamed Aly Camara,gn GUI,DF,Young Boys,25,1997,5.0,271,50,163,105,6,2,271,5,5,100.0,0,0.0,133,704,414,3,0,0,0,0,152,0
21,Aurele Amenda,ch SUI,DF,Young Boys,20,2003,3.5,176,14,90,83,5,2,176,1,1,100.0,0,0.0,82,308,122,0,1,0,0,1,102,0
22,Sofyan Amrabat,ma MAR,"MF,DF",Manchester Utd,26,1996,3.6,211,10,65,125,25,3,211,1,0,0.0,1,100.0,112,709,248,3,3,0,4,0,133,5
23,Elliot Anderson,eng ENG,MF,Newcastle Utd,20,2002,0.5,24,3,13,7,5,1,24,6,2,33.3,4,66.7,16,126,53,2,0,1,1,0,13,2
24,Felipe Anderson,br BRA,FW,Lazio,30,1993,6.0,331,11,63,145,130,21,331,27,13,48.1,11,40.7,179,1055,548,15,15,4,12,5,237,54
26,Angeliño,es ESP,DF,Galatasaray,26,1997,4.7,318,12,72,163,85,2,318,6,4,66.7,1,16.7,170,630,339,6,9,0,2,1,178,18
27,Peter Ankersen,dk DEN,DF,FC Copenhagen,32,1990,5.2,300,22,105,126,75,5,300,4,2,50.0,1,25.0,164,776,388,8,10,1,6,2,175,16
28,Antony,br BRA,FW,Manchester Utd,23,2000,2.6,123,5,17,50,59,3,123,17,6,35.3,8,47.1,78,506,206,5,6,2,5,6,86,16
29,Jon Aramburu,ve VEN,DF,Real Sociedad,21,2002,0.0,5,0,2,2,1,0,5,0,0,0.0,0,0.0,2,4,1,0,0,0,0,0,2,0
30,Ronald Araújo,uy URU,DF,Barcelona,24,1999,7.3,508,46,218,255,36,10,508,2,2,100.0,0,0.0,330,1613,1034,2,6,0,3,4,349,1
31,Tomás Araújo,pt POR,DF,Benfica,21,2002,1.8,110,17,55,46,9,0,110,3,3,100.0,0,0.0,62,308,117,1,1,0,0,0,61,2
32,Marko Arnautović,at AUT,FW,Inter,34,1989,2.1,55,2,5,24,27,8,55,4,2,50.0,1,25.0,27,170,54,3,1,0,4,2,39,18
33,Kepa Arrizabalaga,es ESP,GK,Real Madrid,28,1994,4.0,149,131,149,0,0,0,149,0,0,0.0,0,0.0,108,441,298,0,0,0,0,0,85,0
34,Marco Asensio,es ESP,"FW,MF",Paris S-G,27,1996,1.4,76,3,8,31,37,2,76,2,2,100.0,0,0.0,57,311,119,0,2,0,1,2,54,8
35,Kristjan Asllani,al ALB,MF,Inter,21,2002,2.3,177,6,42,114,22,0,177,4,3,75.0,1,25.0,113,511,226,0,4,0,4,2,137,4
36,Otavio Ataide,br BRA,DF,Porto,21,2002,2.3,119,21,86,33,2,1,119,3,1,33.3,1,33.3,85,297,115,0,0,0,2,3,86,0
37,Emil Audero,it ITA,GK,Inter,26,1997,1.0,37,32,37,0,0,0,37,0,0,0.0,0,0.0,25,105,52,0,0,0,0,0,21,0
38,Carlos Augusto,br BRA,"DF,FW",Inter,24,1999,5.3,334,14,136,133,68,9,334,6,1,16.7,5,83.3,163,1119,485,13,7,0,9,1,200,20
39,Yann Aurel Bisseck,de GER,DF,Inter,22,2000,1.9,178,17,84,76,18,2,178,3,1,33.3,0,0.0,133,701,377,5,5,0,1,0,144,5
40,Fredrik Aursnes,no NOR,"DF,MF",Benfica,27,1995,6.0,383,20,121,180,85,16,383,4,1,25.0,3,75.0,219,1058,551,10,9,1,4,3,227,37
41,Kaan Ayhan,tr TUR,"MF,DF",Galatasaray,28,1994,4.2,245,10,53,155,39,1,245,4,2,50.0,1,25.0,168,900,535,3,7,0,4,1,166,7
42,Neil El Aynaoui,fr FRA,MF,Lens,22,2001,1.5,65,7,14,44,8,0,65,4,1,25.0,3,75.0,43,350,181,4,1,0,3,5,36,2
43,Irakli Azarov,ge GEO,DF,Shakhtar,21,2002,3.3,213,16,94,85,35,3,213,1,0,0.0,1,100.0,122,641,289,4,5,1,5,1,122,11
44,César Azpilicueta,es ESP,DF,Atlético Madrid,33,1989,3.2,216,31,97,82,38,5,216,3,1,33.3,1,33.3,112,393,234,5,3,1,3,2,140,9
45,Isaac Babadi,nl NED,"FW,MF",PSV Eindhoven,18,2005,0.2,19,0,8,7,4,0,19,1,0,0.0,1,100.0,14,97,44,2,0,0,0,2,10,0
46,Loïc Bade,fr FRA,DF,Sevilla,23,2000,1.1,60,12,43,17,0,0,60,0,0,0.0,0,0.0,34,204,51,0,0,0,0,0,38,0
47,Alexander Bah,dk DEN,DF,Benfica,25,1997,2.1,196,11,61,96,40,2,196,3,2,66.7,1,33.3,116,460,200,4,6,1,1,0,115,6
48,Samson Baidoo,at AUT,DF,RB Salzburg,19,2004,3.4,231,29,103,118,12,3,231,2,2,100.0,0,0.0,154,665,352,2,2,0,2,0,140,5
49,Cédric Bakambu,cd COD,FW,Galatasaray,32,1991,0.4,19,0,0,5,14,9,19,0,0,0.0,0,0.0,13,35,16,1,0,1,1,0,15,4
50,Johan Bakayoko,be BEL,FW,PSV Eindhoven,20,2003,7.2,348,9,51,103,194,31,348,35,20,57.1,11,31.4,230,1655,971,35,16,16,17,7,237,82
52,Alejandro Balde,es ESP,DF,Barcelona,19,2003,3.7,292,8,48,111,136,14,292,28,10,35.7,8,28.6,193,1368,759,29,19,8,6,6,207,37
53,Michel-Ange Balikwisha,be BEL,"FW,MF",Antwerp,22,2001,4.3,169,4,14,70,87,8,169,16,6,37.5,9,56.3,103,545,243,12,10,5,7,5,106,24
54,David von Ballmoos,ch SUI,GK,Young Boys,28,1994,1.0,41,22,40,1,0,0,41,0,0,0.0,0,0.0,34,116,64,0,0,0,0,0,29,0
55,Simon Banza,cd COD,FW,Braga,26,1996,3.8,119,2,3,52,64,23,119,7,5,71.4,2,28.6,75,387,153,5,4,3,10,5,101,28
56,Bradley Barcola,fr FRA,"FW,DF",Paris S-G,20,2002,5.3,283,5,25,83,178,50,283,44,19,43.2,25,56.8,224,1434,828,36,14,21,12,8,212,76
57,Abdülkerim Bardakcı,tr TUR,DF,Galatasaray,28,1994,6.0,462,37,209,233,27,3,462,5,3,60.0,1,20.0,302,1963,1120,6,10,0,5,1,290,2
58,Roony Bardghji,se SWE,"MF,FW",FC Copenhagen,17,2005,1.6,67,1,10,26,33,9,67,8,6,75.0,2,25.0,48,185,75,6,2,3,2,1,47,8
59,Nicolò Barella,it ITA,MF,Inter,26,1997,5.2,414,9,76,222,119,13,414,5,1,20.0,4,80.0,215,1154,602,10,10,1,10,2,303,24
60,Harvey Barnes,eng ENG,FW,Newcastle Utd,25,1997,0.0,2,1,1,1,0,0,2,0,0,0.0,0,0.0,0,0,0,0,0,0,1,0,1,1
61,Romário Baró,pt POR,MF,Porto,23,2000,0.7,30,1,8,18,4,3,30,3,1,33.3,1,33.3,18,108,22,0,0,0,2,1,17,3
62,Ander Barrenetxea,es ESP,"FW,MF",Real Sociedad,21,2001,4.4,252,5,25,88,144,30,252,35,16,45.7,14,40.0,186,1235,596,22,12,9,14,9,190,64
63,Pablo Barrios,es ESP,MF,Atlético Madrid,20,2003,2.9,218,8,53,122,44,5,218,7,4,57.1,3,42.9,128,556,224,3,2,1,7,3,171,12
64,Davide Bartesaghi,it ITA,FW,Milan,17,2005,0.0,4,0,0,2,2,1,4,0,0,0.0,0,0.0,1,4,0,0,0,0,1,0,2,0
65,Alessandro Bastoni,it ITA,DF,Inter,24,1999,5.6,457,51,208,197,55,5,457,6,3,50.0,2,33.3,257,1256,652,6,7,0,3,0,318,9
66,Jelle Bataille,be BEL,DF,Antwerp,24,1999,4.6,291,12,87,136,72,4,291,4,3,75.0,1,25.0,192,849,428,5,8,1,2,4,191,19
67,Christoph Baumgartner,at AUT,MF,RB Leipzig,23,1999,1.3,73,3,17,29,27,7,73,4,1,25.0,1,25.0,51,294,156,5,6,0,1,2,51,4
68,Sheraldo Becker,sr SUR,FW,Union Berlin,28,1995,4.1,121,2,18,31,76,18,121,12,0,0.0,6,50.0,82,762,414,19,7,7,5,1,83,30
69,Sheraldo Becker,sr SUR,FW,Real Sociedad,28,1995,0.7,20,0,2,8,10,2,20,0,0,0.0,0,0.0,16,89,21,1,0,0,0,0,16,4
70,Thomas Beelen,nl NED,DF,Feyenoord,22,2001,0.9,62,5,32,29,1,0,62,1,0,0.0,1,100.0,40,145,57,0,0,0,0,1,50,0
71,Kevin Behrens,de GER,FW,Union Berlin,32,1991,3.3,104,9,15,48,42,15,104,2,1,50.0,0,0.0,56,224,90,4,2,1,5,4,68,16
72,Armel Bella Kotchap,de GER,DF,PSV Eindhoven,21,2001,0.9,57,8,35,21,1,1,57,0,0,0.0,0,0.0,38,229,127,0,0,0,1,0,42,0
73,Jude Bellingham,eng ENG,"MF,FW",Real Madrid,20,2003,11.0,710,9,58,394,268,43,710,32,19,59.4,11,34.4,535,2955,1313,36,34,12,20,25,600,76
74,Walter Benítez,ar ARG,GK,PSV Eindhoven,30,1993,8.0,286,226,282,4,0,0,286,0,0,0.0,0,0.0,174,791,481,0,0,0,0,0,151,0
75,Loris Benito,ch SUI,DF,Young Boys,31,1992,4.5,285,47,152,127,6,1,285,0,0,0.0,0,0.0,152,562,251,2,1,0,0,1,180,0
76,Ramy Bensebaini,dz ALG,DF,Dortmund,28,1995,4.2,287,30,93,126,69,5,287,3,2,66.7,0,0.0,158,676,269,6,7,0,4,1,144,18
78,Lucas Beraldo,br BRA,DF,Paris S-G,19,2003,4.5,392,47,175,207,10,3,392,3,2,66.7,0,0.0,296,1254,539,0,0,0,4,2,276,0
79,Paulo Bernardo,pt POR,MF,Celtic,21,2002,3.5,155,8,40,75,45,3,155,9,8,88.9,1,11.1,96,417,149,5,3,0,8,5,108,12
80,Juan Bernat,es ESP,DF,Benfica,30,1993,1.2,73,2,19,41,13,1,73,2,1,50.0,1,50.0,47,248,84,1,1,0,1,1,57,3
81,Mads Bidstrup,dk DEN,MF,RB Salzburg,22,2001,5.5,248,23,85,131,38,3,248,5,2,40.0,2,40.0,109,595,303,6,5,1,9,6,84,5
82,Justin Bijlow,nl NED,GK,Feyenoord,25,1998,4.0,189,135,189,0,0,0,189,1,1,100.0,0,0.0,131,534,337,0,0,0,0,0,134,0
83,Janis Blaswich,de GER,GK,RB Leipzig,32,1991,5.0,251,186,244,7,0,0,251,0,0,0.0,0,0.0,151,573,314,0,0,0,0,0,157,0
84,Lewin Blum,ch SUI,DF,Young Boys,22,2001,2.4,111,10,28,43,40,1,111,5,1,20.0,4,80.0,43,246,122,4,5,0,1,0,51,6
85,Oscar Bobb,no NOR,"FW,MF",Manchester City,20,2003,2.4,113,0,6,42,67,11,113,7,3,42.9,4,57.1,74,489,219,7,7,5,1,3,97,10
86,Sacha Boey,fr FRA,DF,Galatasaray,22,2000,6.0,460,25,121,218,126,10,460,15,7,46.7,6,40.0,256,1298,765,18,16,3,16,8,249,38
87,Nicolai Boilesen,dk DEN,"DF,FW",FC Copenhagen,31,1992,1.0,70,10,43,26,2,0,70,0,0,0.0,0,0.0,51,302,197,0,0,0,1,0,55,0
88,Valerii Bondar,ua UKR,DF,Shakhtar,24,1999,4.0,218,52,141,76,2,0,218,0,0,0.0,0,0.0,137,599,215,0,0,0,2,0,143,0
89,Artem Bondarenko,ua UKR,MF,Shakhtar,22,2000,2.5,169,13,54,84,32,4,169,1,1,100.0,0,0.0,125,368,128,1,2,0,2,1,133,6
90,Leonardo Bonucci,it ITA,DF,Union Berlin,36,1987,2.9,118,38,79,39,0,0,118,0,0,0.0,0,0.0,53,175,79,0,0,0,0,1,60,0
91,Gonçalo Borges,pt POR,FW,Porto,22,2001,0.4,16,0,4,8,5,0,16,1,1,100.0,0,0.0,12,56,13,1,1,1,4,2,10,3
92,Cristian Borja,co COL,DF,Braga,30,1993,5.7,377,17,80,180,120,6,377,6,2,33.3,2,33.3,232,1202,667,18,14,3,6,4,239,34
93,Olivier Boscagli,fr FRA,DF,PSV Eindhoven,25,1997,6.8,517,77,255,257,12,1,517,4,3,75.0,1,25.0,312,1567,952,6,5,1,1,0,321,1
94,Sven Botman,nl NED,DF,Newcastle Utd,23,2000,1.0,51,4,24,27,0,0,51,0,0,0.0,0,0.0,28,198,149,0,0,0,0,0,33,0
95,Julian Brandt,de GER,"MF,FW",Dortmund,27,1996,8.7,538,11,86,256,209,23,538,20,11,55.0,9,45.0,333,1810,834,18,7,6,19,11,355,54
96,Bruma,pt POR,FW,Braga,28,1994,4.1,249,2,19,96,137,22,249,26,11,42.3,14,53.8,189,1217,620,22,11,8,10,5,186,47
97,Osman Bukari,gh GHA,FW,Red Star,24,1998,5.4,198,1,21,73,111,26,198,23,12,52.2,7,30.4,132,959,554,24,12,12,20,13,131,41
98,Dan Burn,eng ENG,DF,Newcastle Utd,31,1992,3.1,161,23,61,69,31,5,161,1,0,0.0,1,100.0,53,221,100,1,1,0,5,0,72,8
99,Jean Butez,fr FRA,GK,Antwerp,28,1995,5.0,227,196,225,2,0,0,227,0,0,0.0,0,0.0,175,615,333,0,0,0,2,0,155,0
100,Arthur Cabral,br BRA,"FW,DF",Benfica,25,1998,1.3,44,2,6,18,20,5,44,1,1,100.0,0,0.0,22,62,15,0,0,0,6,1,32,6
101,Jens Cajuste,se SWE,MF,Napoli,23,1999,1.8,99,2,23,59,17,3,99,4,1,25.0,2,50.0,57,169,84,0,3,0,6,2,58,5
102,Davide Calabria,it ITA,DF,Milan,26,1996,4.8,278,18,102,117,60,3,278,6,2,33.3,2,33.3,133,566,185,2,2,0,3,1,143,14
104,Hakan Çalhanoğlu,tr TUR,MF,Inter,29,1994,5.7,488,21,140,260,91,2,487,2,1,50.0,1,50.0,263,1473,752,9,8,0,10,5,354,11
105,Eduardo Camavinga,fr FRA,MF,Real Madrid,20,2002,8.8,639,33,160,362,130,9,639,25,13,52.0,7,28.0,438,2312,1110,13,18,1,17,10,479,16
106,Emre Can,de GER,"MF,DF",Dortmund,29,1994,10.1,576,30,188,340,52,1,576,3,3,100.0,0,0.0,391,2147,892,4,6,0,7,4,407,7
107,João Cancelo,pt POR,DF,Barcelona,29,1994,9.0,728,34,176,381,187,26,728,46,29,63.0,15,32.6,423,2534,1418,32,22,13,12,4,462,50
108,Nicolás Capaldo,ar ARG,"MF,DF",RB Salzburg,25,1997,2.4,105,3,27,57,24,4,105,4,2,50.0,2,50.0,60,313,142,4,2,1,6,3,49,7
109,Fábio Cardoso,pt POR,DF,Porto,29,1994,3.0,153,16,84,67,2,0,153,0,0,0.0,0,0.0,96,423,248,0,0,0,1,1,113,0
110,David Carmo,ao ANG,DF,Porto,24,1999,4.0,300,47,166,127,7,4,300,1,1,100.0,0,0.0,212,995,418,0,0,0,1,0,215,0
111,Cameron Carter-Vickers,us USA,DF,Celtic,25,1997,3.3,325,47,178,143,5,2,325,1,1,100.0,0,0.0,224,871,354,1,0,0,1,1,248,0
112,Dani Carvajal,es ESP,DF,Real Madrid,31,1992,9.4,607,47,176,275,157,12,607,8,3,37.5,3,37.5,321,1212,606,13,7,2,12,8,378,43
113,Fabio Carvalho,pt POR,MF,RB Leipzig,20,2002,1.4,67,1,13,31,24,3,67,7,1,14.3,5,71.4,41,200,73,2,1,1,6,3,46,4
114,Vitor Carvalho,br BRA,MF,Braga,26,1997,2.9,215,12,55,133,28,6,215,2,1,50.0,1,50.0,145,624,277,2,2,0,0,2,156,3
115,Marc Casado,es ESP,MF,Barcelona,19,2003,0.3,26,1,4,16,6,0,26,0,0,0.0,0,0.0,19,73,38,0,2,0,0,0,21,1
116,Nicolò Casale,it ITA,DF,Lazio,25,1998,2.0,169,18,77,92,1,0,169,0,0,0.0,0,0.0,112,550,243,0,1,0,0,1,134,0
117,Casemiro,br BRA,MF,Manchester Utd,31,1992,1.8,119,7,33,64,23,5,119,2,1,50.0,0,0.0,69,223,87,1,2,1,2,1,74,2
118,Valentín Castellanos,ar ARG,FW,Lazio,24,1998,2.4,72,3,8,28,36,9,72,2,0,0.0,2,100.0,42,152,49,2,2,1,7,0,62,16
119,André Castro,pt POR,MF,Braga,35,1988,0.1,9,0,1,7,1,0,9,0,0,0.0,0,0.0,5,13,5,0,0,0,0,0,6,0
120,Danilo Cataldi,it ITA,MF,Lazio,28,1994,1.8,101,5,24,65,14,0,101,2,2,100.0,0,0.0,55,284,73,0,4,0,0,1,77,3
121,Dani Ceballos,es ESP,MF,Real Madrid,26,1996,1.7,163,2,13,104,47,4,163,5,3,60.0,1,20.0,130,730,274,4,4,2,4,4,138,6
122,Miguel Chaiwa,zm ZAM,MF,Young Boys,19,2004,0.7,27,2,8,11,9,2,27,0,0,0.0,0,0.0,15,46,13,0,0,0,0,2,12,1
123,Chiquinho,pt POR,MF,Benfica,28,1995,0.6,56,3,10,30,16,0,56,1,0,0.0,1,100.0,37,149,46,1,1,0,1,1,38,0
124,Andreas Christensen,dk DEN,"DF,MF",Barcelona,27,1996,4.9,384,22,88,258,40,7,384,2,1,50.0,1,50.0,260,1052,545,7,8,1,3,1,291,2
125,Samuel Chukwueze,ng NGA,FW,Milan,24,1999,1.8,92,1,12,30,51,19,92,14,5,35.7,8,57.1,68,437,223,9,3,8,7,5,69,18
126,Viktor Claesson,se SWE,"FW,MF",FC Copenhagen,31,1992,5.3,259,15,82,110,70,16,259,6,3,50.0,3,50.0,122,445,199,5,4,2,17,5,156,17
127,William Clem,dk DEN,MF,FC Copenhagen,19,2004,0.8,22,3,10,8,4,1,22,0,0,0.0,0,0.0,9,32,10,0,0,0,0,0,14,0
128,Ebrima Colley,gm GAM,"MF,FW",Young Boys,23,2000,1.4,58,0,6,18,36,4,58,2,1,50.0,1,50.0,36,217,119,4,5,0,5,2,36,7
130,Kingsley Coman,fr FRA,FW,Bayern Munich,27,1996,5.0,292,0,19,100,180,29,292,30,16,53.3,9,30.0,207,1281,720,29,14,9,15,9,239,73
131,Francisco Conceição,pt POR,"FW,MF",Porto,20,2002,2.7,117,2,11,43,65,14,117,12,5,41.7,5,41.7,83,570,316,10,2,3,7,2,84,25
132,Kobe Corbanie,be BEL,"DF,FW",Antwerp,18,2005,0.4,24,7,8,11,5,0,24,0,0,0.0,0,0.0,7,54,15,1,1,0,0,0,9,1
133,Andreas Cornelius,dk DEN,"FW,MF",FC Copenhagen,30,1993,0.9,33,0,2,17,14,0,33,1,0,0.0,1,100.0,15,57,23,1,1,0,5,0,23,3
134,Ángel Correa,ar ARG,"FW,MF",Atlético Madrid,28,1995,3.6,177,2,20,52,105,34,177,19,9,47.4,10,52.6,113,424,222,7,5,5,12,4,134,34
135,David Costa,pt POR,"MF,FW",Lens,22,2001,1.3,71,1,11,36,24,0,71,7,2,28.6,5,71.4,58,416,197,6,4,0,0,3,54,6
136,Diogo Costa,pt POR,GK,Porto,23,1999,8.3,393,322,390,3,0,0,393,0,0,0.0,0,0.0,259,981,441,0,0,0,0,0,237,0
137,Soumaïla Coulibaly,fr FRA,DF,Antwerp,19,2003,6.0,401,73,247,153,2,1,401,3,1,33.3,1,33.3,279,1142,554,1,0,0,5,0,277,0
138,Thibaut Courtois,be BEL,GK,Real Madrid,31,1992,1.0,26,23,26,0,0,0,26,0,0,0.0,0,0.0,17,74,62,0,0,0,0,0,17,0
139,Juan Cuadrado,co COL,"DF,FW",Inter,35,1988,1.3,66,2,14,30,23,1,66,6,2,33.3,2,33.3,31,186,109,2,4,0,4,1,47,9
140,Pau Cubarsí,es ESP,DF,Barcelona,16,2007,3.0,170,36,106,62,2,1,170,0,0,0.0,0,0.0,112,496,141,0,0,0,0,1,115,0
141,Diogo Dalot,pt POR,DF,Manchester Utd,24,1999,5.1,322,28,111,132,83,10,322,12,7,58.3,4,33.3,180,1155,645,16,9,2,4,1,180,25
142,Kevin Danso,at AUT,DF,Lens,24,1998,6.0,285,54,140,133,17,9,285,6,2,33.3,4,66.7,175,1168,479,4,1,0,4,4,147,2
143,Matteo Darmian,it ITA,"DF,FW",Inter,33,1989,4.5,301,24,100,126,75,6,301,11,4,36.4,5,45.5,131,498,203,5,4,2,1,0,203,26
144,David Datro Fofana,ci CIV,FW,Union Berlin,20,2002,2.2,75,5,7,27,43,9,75,9,5,55.6,3,33.3,48,247,80,3,3,1,10,6,57,14
145,Alphonso Davies,ca CAN,DF,Bayern Munich,22,2000,7.8,561,12,209,230,134,12,561,33,20,60.6,11,33.3,329,2030,1069,24,19,5,20,10,371,39
146,Kevin De Bruyne,be BEL,MF,Manchester City,32,1991,2.2,195,0,4,45,148,18,195,7,2,28.6,4,57.1,78,350,202,6,5,3,2,3,144,28
147,Ritchie De Laet,be BEL,DF,Antwerp,34,1988,2.5,135,12,41,63,32,5,135,1,1,100.0,0,0.0,60,339,182,4,2,1,0,2,65,8
148,Rodrigo De Paul,ar ARG,MF,Atlético Madrid,29,1994,6.8,485,7,91,275,126,7,485,12,6,50.0,5,41.7,300,1666,823,14,19,1,9,3,369,19
149,Amar Dedić,ba BIH,DF,RB Salzburg,20,2002,6.0,329,34,123,141,76,11,329,17,12,70.6,5,29.4,207,1589,892,16,11,3,5,10,180,27
150,Miloš Degenek,au AUS,FW,Red Star,29,1994,0.1,1,1,1,0,0,0,1,0,0,0.0,0,0.0,0,0,0,0,0,0,0,0,0,0
151,Ousmane Dembélé,fr FRA,"FW,MF",Paris S-G,26,1997,10.6,721,2,43,228,458,77,721,55,23,41.8,26,47.3,587,4138,2244,95,59,40,31,13,574,137
152,Kerem Demirbay,de GER,MF,Galatasaray,30,1993,0.7,44,0,8,28,9,0,44,4,0,0.0,2,50.0,28,151,50,0,2,0,1,1,29,2
153,Thomas van den Belt,nl NED,MF,Feyenoord,22,2001,0.4,20,0,5,12,3,0,20,1,1,100.0,0,0.0,6,32,22,1,1,0,0,0,11,1
154,Sergiño Dest,us USA,DF,PSV Eindhoven,22,2000,7.2,452,23,129,188,140,12,452,24,14,58.3,9,37.5,262,1744,979,27,17,5,11,8,282,27
156,Giovanni Di Lorenzo,it ITA,DF,Napoli,29,1993,8.0,641,25,168,317,160,22,641,15,6,40.0,8,53.3,344,1456,766,11,9,0,5,3,423,42
157,Ángel Di María,ar ARG,FW,Benfica,35,1988,4.6,253,3,27,98,130,13,252,25,8,32.0,13,52.0,183,1190,492,19,10,4,6,8,193,33
158,Rúben Dias,pt POR,DF,Manchester City,26,1997,8.5,990,62,267,659,66,6,990,2,1,50.0,1,50.0,629,3872,2548,14,18,0,2,1,811,2
159,Brahim Díaz,ma MAR,"MF,FW",Real Madrid,23,1999,3.6,214,0,16,91,111,24,214,28,12,42.9,14,50.0,157,1047,532,17,10,6,9,16,160,29
160,Eric Dier,eng ENG,DF,Bayern Munich,29,1994,5.0,438,74,264,169,6,4,438,0,0,0.0,0,0.0,241,1057,545,5,0,0,1,0,334,1
161,Kevin Diks,id IDN,DF,FC Copenhagen,26,1996,7.9,451,69,232,196,25,8,451,4,1,25.0,2,50.0,252,1232,815,6,4,0,1,1,305,6
162,Javairô Dilrosun,nl NED,DF,Feyenoord,25,1998,0.1,12,0,0,2,10,2,12,0,0,0.0,0,0.0,5,49,34,1,0,1,0,0,6,2
163,Federico Dimarco,it ITA,DF,Inter,25,1997,4.0,248,10,71,90,90,10,248,4,1,25.0,3,75.0,128,658,399,14,10,1,3,0,174,33
164,Andy Diouf,fr FRA,MF,Lens,20,2003,0.4,26,3,9,10,8,0,26,3,2,66.7,1,33.3,20,88,36,1,0,0,0,0,14,2
165,Novatus Dismas,tz TAN,DF,Shakhtar,20,2002,1.0,59,4,28,25,6,1,59,0,0,0.0,0,0.0,37,207,124,0,0,0,0,0,37,0
166,Álvaro djaló,es ESP,FW,Braga,23,1999,4.5,164,1,12,68,87,25,163,18,9,50.0,7,38.9,112,729,420,14,13,4,16,14,120,36
167,Nasser Djiga,bf BFA,DF,Red Star,20,2002,6.0,280,54,181,99,5,4,280,5,4,80.0,0,0.0,143,699,263,2,2,0,3,1,156,1
168,Marko Dmitrović,rs SRB,GK,Sevilla,31,1992,4.0,157,132,153,4,0,0,157,0,0,0.0,0,0.0,92,433,178,0,0,0,0,0,75,0
169,Danilho Doekhi,nl NED,DF,Union Berlin,25,1998,2.9,118,19,69,44,8,3,118,0,0,0.0,0,0.0,67,220,107,0,0,0,1,2,70,1
170,Jeremy Doku,be BEL,"FW,MF",Manchester City,21,2002,3.4,244,0,7,65,178,46,244,50,29,58.0,15,30.0,176,1680,1019,38,6,28,8,5,193,66
171,Gianluigi Donnarumma,it ITA,GK,Paris S-G,24,1999,12.0,387,332,384,4,0,0,387,0,0,0.0,0,0.0,265,1152,597,0,0,0,1,0,189,0
172,Nene Dorgeles,ml MLI,"FW,MF",RB Salzburg,20,2002,1.5,66,1,7,35,26,8,66,4,0,0.0,2,50.0,45,225,101,4,2,2,5,0,41,16
173,Aleksandar Dragović,at AUT,DF,Red Star,32,1991,6.0,334,71,208,114,12,1,334,0,0,0.0,0,0.0,152,522,248,3,2,1,2,1,180,0
174,Martin Dúbravka,sk SVK,GK,Newcastle Utd,34,1989,1.0,36,25,34,2,0,0,36,0,0,0.0,0,0.0,18,75,49,0,0,0,0,0,22,0
175,Denzel Dumfries,nl NED,DF,Inter,27,1996,3.6,163,5,32,69,64,13,163,9,4,44.4,5,55.6,75,507,204,10,4,3,10,3,99,22
176,Ederson,br BRA,GK,Manchester City,29,1993,7.3,256,173,254,2,0,0,256,1,0,0.0,1,100.0,159,765,539,0,0,0,0,0,174,0
177,Jorge Eduardo Sánchez,mx MEX,DF,Porto,25,1997,2.1,134,5,40,57,39,3,134,4,2,50.0,2,50.0,64,278,142,4,2,0,5,4,68,13
178,Eguinaldo,br BRA,"MF,FW",Shakhtar,18,2004,0.2,10,0,0,4,6,1,10,1,0,0.0,1,100.0,7,74,54,1,2,0,1,0,8,3
179,Chidera Ejuke,ng NGA,FW,Antwerp,25,1998,1.7,123,0,11,58,57,4,123,25,18,72.0,7,28.0,85,600,227,5,8,1,9,5,88,11
180,Jurgen Ekkelenkamp,nl NED,MF,Antwerp,23,2000,3.0,85,5,22,41,22,5,85,4,1,25.0,2,50.0,54,220,108,3,2,0,4,4,53,8
182,Meschak Elia,cd COD,"FW,MF",Young Boys,25,1997,5.5,155,4,16,56,84,9,155,20,6,30.0,9,45.0,98,748,366,15,5,7,12,4,114,41
183,Elif Elmas,mk MKD,MF,RB Leipzig,23,1999,0.2,8,0,1,2,5,1,8,1,1,100.0,0,0.0,6,46,28,1,0,0,0,0,5,0
184,Elif Elmas,mk MKD,"FW,MF",Napoli,23,1999,1.6,92,1,12,46,35,3,92,11,8,72.7,3,27.3,61,449,182,5,2,3,2,1,72,6
185,Mohamed Elneny,eg EGY,MF,Arsenal,31,1992,0.7,29,1,8,17,4,0,29,0,0,0.0,0,0.0,16,100,46,1,1,0,0,0,20,0
186,Aritz Elustondo,es ESP,DF,Real Sociedad,29,1994,1.9,139,6,48,73,22,3,139,3,2,66.7,1,33.3,86,338,142,2,2,0,1,1,82,3
187,Mohamed Elyounoussi,no NOR,"FW,MF",FC Copenhagen,28,1994,7.6,300,10,79,112,116,25,300,18,10,55.6,8,44.4,151,852,432,18,9,4,16,6,171,29
188,Youssef En-Nesyri,ma MAR,FW,Sevilla,26,1997,5.7,118,3,17,57,46,16,118,8,1,12.5,7,87.5,69,254,53,3,3,2,13,5,81,15
189,Luis Enrique Palma,hn HON,FW,Celtic,23,2000,3.0,174,0,20,55,100,7,173,18,3,16.7,15,83.3,115,627,283,8,13,2,12,4,127,38
190,Christian Eriksen,dk DEN,MF,Manchester Utd,31,1992,2.3,157,7,33,93,32,3,157,3,0,0.0,3,100.0,82,316,107,1,0,1,0,1,109,1
191,Stephen Eustáquio,ca CAN,MF,Porto,26,1996,5.9,331,16,57,184,92,14,331,1,1,100.0,0,0.0,189,768,301,2,3,0,1,0,197,10
192,Evanilson,br BRA,FW,Porto,23,1999,5.4,178,2,12,100,70,25,177,15,5,33.3,8,53.3,120,679,279,10,4,2,13,5,124,28
193,Jonny Evans,nir NIR,DF,Manchester Utd,35,1988,0.7,52,7,26,21,5,1,52,0,0,0.0,0,0.0,32,211,106,2,1,0,0,0,33,0
194,Rasmus Falk,dk DEN,MF,FC Copenhagen,31,1992,7.0,430,14,121,219,93,4,430,8,3,37.5,3,37.5,259,928,463,6,4,0,10,3,299,3
195,João Félix,pt POR,FW,Barcelona,23,1999,4.1,221,1,14,74,134,28,221,21,7,33.3,10,47.6,165,863,414,13,6,5,12,6,189,65
196,Bruno Fernandes,pt POR,"MF,FW",Manchester Utd,28,1994,6.0,374,10,55,179,147,15,373,14,7,50.0,6,42.9,196,957,458,10,6,4,12,4,233,25
197,Roger Fernandes,gw GNB,FW,Braga,17,2005,0.1,10,0,1,3,6,2,10,2,1,50.0,1,50.0,5,9,0,0,0,0,3,1,6,1
198,Carlos Fernández,es ESP,FW,Real Sociedad,27,1996,0.8,37,1,5,13,19,3,37,0,0,0.0,0,0.0,19,80,9,0,0,0,3,0,25,4
199,Fernando,br BRA,FW,RB Salzburg,24,1999,0.4,16,0,1,5,11,4,16,3,1,33.3,2,66.7,12,113,82,3,3,3,1,1,14,7
200,Fernando,br BRA,MF,Sevilla,36,1987,3.6,160,23,65,87,9,1,160,3,3,100.0,0,0.0,91,486,201,1,0,0,4,1,95,3
201,Alessandro Florenzi,it ITA,DF,Milan,32,1991,1.8,130,5,51,58,22,0,130,3,2,66.7,1,33.3,63,298,167,7,4,0,2,0,61,3
202,Phil Foden,eng ENG,"FW,MF",Manchester City,23,2000,7.6,536,1,20,191,329,47,536,16,11,68.8,5,31.3,334,1474,743,23,13,7,20,10,450,89
203,Diogo Fonseca,pt POR,DF,Braga,21,2002,0.2,27,0,7,5,15,1,27,0,0,0.0,0,0.0,18,70,37,1,0,0,1,0,18,6
204,José Fonte,pt POR,DF,Braga,39,1983,4.0,254,36,131,113,11,8,254,3,2,66.7,1,33.3,129,634,358,0,2,0,3,0,178,1
205,James Forrest,sct SCO,FW,Celtic,32,1991,1.0,47,0,1,25,21,4,47,3,0,0.0,3,100.0,36,215,56,4,3,1,4,1,44,12
206,Emil Forsberg,se SWE,"MF,FW",RB Leipzig,31,1991,4.5,152,5,27,72,57,11,152,9,4,44.4,5,55.6,99,467,232,6,6,3,12,1,103,15
208,Amankwah Forson,gh GHA,"MF,FW",RB Salzburg,20,2002,0.8,47,1,9,19,21,1,47,0,0,0.0,0,0.0,32,196,111,4,4,0,2,6,28,3
209,Héctor Fort,es ESP,DF,Barcelona,16,2006,0.7,43,2,9,31,3,0,43,1,0,0.0,1,100.0,23,84,30,2,1,0,1,0,31,0
210,Mitchel Frame,sct SCO,FW,Celtic,17,2006,0.2,9,0,2,3,4,0,9,1,0,0.0,1,100.0,5,65,17,1,1,0,0,0,6,2
211,André Franco,pt POR,"MF,FW",Porto,25,1998,2.6,153,5,26,79,49,8,153,4,1,25.0,3,75.0,106,485,216,4,2,1,2,0,115,8
212,Przemysław Frankowski,pl POL,DF,Lens,28,1995,5.9,360,18,99,168,95,8,359,6,3,50.0,3,50.0,219,1257,509,18,9,3,5,3,201,41
213,Davide Frattesi,it ITA,MF,Inter,23,1999,5.0,184,13,49,71,69,18,184,8,1,12.5,6,75.0,113,702,337,11,8,3,7,4,130,21
214,Victor Froholdt,dk DEN,MF,FC Copenhagen,17,2006,0.6,19,4,7,7,5,2,19,0,0,0.0,0,0.0,8,40,26,1,0,0,1,1,7,4
215,Angelo Fulgini,fr FRA,MF,Lens,26,1996,3.2,171,2,29,84,62,6,171,8,3,37.5,5,62.5,123,748,278,8,8,1,12,2,113,20
216,Niclas Füllkrug,de GER,FW,Dortmund,30,1993,11.5,380,14,37,212,132,60,380,5,2,40.0,2,40.0,227,905,380,10,2,4,18,10,296,43
217,Kyogo Furuhashi,jp JPN,FW,Celtic,28,1995,5.0,75,4,10,33,33,11,75,6,1,16.7,5,83.3,46,209,137,5,3,1,6,1,57,17
218,Gianluca Gaetano,it ITA,MF,Napoli,23,2000,0.2,19,1,6,8,5,0,19,0,0,0.0,0,0.0,13,41,21,0,0,0,1,0,12,0
219,Javi Galán,es ESP,DF,Atlético Madrid,28,1994,0.8,55,3,23,19,14,3,55,1,1,100.0,0,0.0,28,215,99,3,4,1,4,1,22,8
220,Javi Galán,es ESP,DF,Real Sociedad,28,1994,2.0,102,3,28,45,30,0,102,5,3,60.0,1,20.0,60,368,169,4,6,0,2,1,46,3
221,Galeno,br BRA,"MF,FW",Porto,25,1997,7.2,273,6,41,85,154,29,273,28,9,32.1,15,53.6,179,1236,627,25,15,11,19,6,165,53
222,Silvère Ganvoula M'Boussy,cg CGO,FW,Young Boys,27,1996,1.3,57,3,7,20,33,8,57,4,2,50.0,1,25.0,41,240,134,3,3,1,6,3,43,11
223,Fran Garcia,es ESP,DF,Real Madrid,23,1999,2.1,202,6,41,103,60,5,202,1,1,100.0,0,0.0,152,817,473,16,5,2,4,3,147,24
224,Ulisses Garcia,ch SUI,DF,Young Boys,27,1996,5.6,423,20,113,192,124,8,423,20,11,55.0,9,45.0,239,1280,722,19,16,3,13,10,239,19
225,Alejandro Garnacho,ar ARG,"FW,MF",Manchester Utd,19,2004,3.3,131,0,14,59,62,20,131,19,4,21.1,14,73.7,91,725,316,13,8,9,8,7,94,24
226,Gavi,es ESP,MF,Barcelona,18,2004,2.5,154,6,26,90,40,7,154,5,3,60.0,1,20.0,110,527,279,6,8,0,4,1,117,8
227,Lutsharel Geertruida,nl NED,DF,Feyenoord,23,2000,6.0,510,16,170,281,62,7,510,12,8,66.7,3,25.0,328,1254,603,8,5,0,5,3,387,16
228,Mario Gila,es ESP,DF,Lazio,22,2000,3.9,255,46,146,106,5,3,255,2,1,50.0,1,50.0,146,875,486,1,1,0,1,1,177,0
229,Santiago Giménez,mx MEX,FW,Feyenoord,22,2001,3.9,92,5,7,36,50,16,92,7,4,57.1,2,28.6,58,320,189,5,4,2,9,4,70,29
230,Olivier Giroud,fr FRA,FW,Milan,36,1986,5.7,150,13,29,78,43,19,149,1,0,0.0,0,0.0,82,296,138,2,2,1,8,6,101,16
231,Jamie Gittens,eng ENG,FW,Dortmund,18,2004,2.3,94,2,8,31,58,9,94,15,5,33.3,7,46.7,70,690,338,13,7,4,6,9,70,18
232,Omri Glazer,il ISR,GK,Red Star,27,1996,6.0,204,177,203,1,0,0,204,0,0,0.0,0,0.0,92,537,308,0,0,0,0,0,85,0
234,Oscar Gloukh,il ISR,"MF,FW",RB Salzburg,19,2004,5.3,241,0,23,122,102,16,241,17,6,35.3,10,58.8,181,1080,596,16,12,5,14,8,167,26
235,Serge Gnabry,de GER,FW,Bayern Munich,28,1995,2.2,92,3,26,27,40,6,92,4,0,0.0,4,100.0,46,258,94,2,0,2,4,0,53,20
236,Giorgi Gocholeishvili,ge GEO,DF,Shakhtar,22,2001,3.2,185,14,87,68,32,4,185,9,4,44.4,5,55.6,102,566,253,5,4,1,4,6,92,6
237,Sergio Gómez,es ESP,"DF,FW",Manchester City,22,2000,2.2,207,1,30,95,83,8,207,3,1,33.3,2,66.7,125,736,353,10,7,0,4,1,166,16
238,Victor Gomez,es ESP,DF,Braga,23,2000,3.5,258,16,67,116,76,1,258,1,1,100.0,0,0.0,149,702,384,8,8,0,4,4,180,33
239,Diogo Gonçalves,pt POR,MF,FC Copenhagen,26,1997,5.9,265,12,72,101,98,13,264,8,5,62.5,3,37.5,154,860,467,14,14,2,12,6,173,11
240,Nicolás González,es ESP,MF,Porto,21,2002,2.5,108,1,35,58,16,3,108,2,2,100.0,0,0.0,57,215,128,1,0,0,3,2,61,0
241,Anthony Gordon,eng ENG,FW,Newcastle Utd,22,2001,4.9,176,3,21,73,84,15,176,18,4,22.2,7,38.9,123,1037,395,11,10,4,11,6,131,33
242,Leon Goretzka,de GER,"MF,DF",Bayern Munich,28,1995,8.5,619,33,156,361,108,13,619,5,3,60.0,2,40.0,362,1842,1032,19,10,3,5,4,464,9
243,Robin Gosens,de GER,"DF,MF",Union Berlin,29,1994,4.9,233,15,76,93,64,11,233,3,1,33.3,2,66.7,96,324,159,6,0,1,2,1,126,20
244,Lucas Gourna-Douath,fr FRA,MF,RB Salzburg,19,2003,4.4,276,21,93,158,31,2,276,9,6,66.7,3,33.3,199,1168,550,5,2,0,5,5,178,0
245,Tiago Gouveia,pt POR,FW,Benfica,22,2001,0.3,12,0,0,2,10,2,12,4,1,25.0,1,25.0,9,90,44,2,2,1,0,1,10,0
246,Kamil Grabara,pl POL,GK,FC Copenhagen,24,1999,8.0,307,257,303,4,0,0,307,0,0,0.0,0,0.0,156,768,469,0,0,0,0,0,137,0
247,Jonathan Gradit,fr FRA,DF,Lens,30,1992,5.7,322,37,138,172,16,0,322,5,3,60.0,2,40.0,193,1167,556,5,2,0,2,0,175,1
248,Jack Grealish,eng ENG,"FW,MF",Manchester City,27,1995,5.9,343,4,20,88,238,44,343,18,6,33.3,3,16.7,249,2209,1027,43,22,20,10,3,272,93
249,Antoine Griezmann,fr FRA,"FW,MF",Atlético Madrid,32,1991,9.1,611,15,65,292,259,47,610,15,5,33.3,9,60.0,326,1520,838,25,13,9,13,8,434,57
250,Marko Grujić,rs SRB,MF,Porto,27,1996,0.6,31,2,14,15,2,0,31,1,0,0.0,1,100.0,15,54,11,0,0,0,0,0,17,0
251,Nemanja Gudelj,rs SRB,DF,Sevilla,31,1991,6.0,365,29,158,192,17,4,365,0,0,0.0,0,0.0,245,1317,597,7,4,1,3,1,257,0
252,Gonçalo Guedes,pt POR,FW,Benfica,26,1996,0.3,16,0,0,4,15,0,16,3,1,33.3,2,66.7,11,72,31,1,4,0,2,0,9,4
253,Mattéo Guendouzi,fr FRA,MF,Lazio,24,1999,5.5,275,15,55,143,79,14,275,9,5,55.6,4,44.4,171,1076,516,14,8,4,6,3,208,27
254,Raphaël Guerreiro,pt POR,"DF,FW",Bayern Munich,29,1993,4.3,313,3,60,150,103,9,313,6,1,16.7,4,66.7,154,663,350,4,5,2,5,1,239,21
255,Morgan Guilavogui,gn GUI,"FW,MF",Lens,25,1998,0.8,53,3,10,19,24,6,53,0,0,0.0,0,0.0,35,145,24,1,1,1,8,1,36,10
256,Bruno Guimarães,br BRA,MF,Newcastle Utd,25,1997,6.0,348,16,80,185,91,5,348,12,6,50.0,4,33.3,227,1547,447,5,14,0,7,11,248,10
257,Marc Guiu,es ESP,FW,Barcelona,17,2006,0.4,13,3,4,3,6,4,13,0,0,0.0,0,0.0,5,11,0,0,0,0,1,2,6,1
258,Péter Gulácsi,hu HUN,GK,RB Leipzig,33,1990,3.0,105,80,103,2,0,0,105,0,0,0.0,0,0.0,59,207,71,0,0,0,0,0,63,0
260,İlkay Gündoğan,de GER,MF,Barcelona,32,1990,9.3,673,18,87,338,253,22,673,19,10,52.6,7,36.8,435,2010,944,17,15,2,11,11,493,29
261,Joško Gvardiol,hr CRO,DF,Manchester City,21,2002,6.3,657,9,91,410,165,5,657,9,6,66.7,2,22.2,441,2245,1271,18,20,2,2,5,536,16
262,Erling Haaland,no NOR,FW,Manchester City,23,2000,8.6,170,3,4,52,116,60,168,9,3,33.3,6,66.7,93,394,200,7,3,5,15,6,134,43
263,Janik Haberer,de GER,MF,Union Berlin,29,1994,4.0,139,7,31,66,42,8,139,5,2,40.0,3,60.0,71,274,144,6,2,1,3,0,88,13
264,Amadou Haidara,ml MLI,"MF,DF",RB Leipzig,25,1998,3.0,181,6,47,99,36,2,181,0,0,0.0,0,0.0,99,425,200,1,3,0,3,1,118,2
265,Massadio Haïdara,ml MLI,DF,Lens,30,1992,1.3,82,4,19,43,21,0,82,0,0,0.0,0,0.0,52,349,183,6,3,0,2,0,49,3
266,Achraf Hakimi,ma MAR,DF,Paris S-G,24,1998,10.9,1102,18,280,429,403,28,1102,22,8,36.4,13,59.1,832,4402,2148,37,33,6,18,10,779,116
267,Lewis Hall,eng ENG,DF,Newcastle Utd,18,2004,0.5,31,3,8,15,8,1,31,2,0,0.0,2,100.0,12,42,25,1,1,0,0,0,15,1
268,Sébastien Haller,ci CIV,"FW,MF",Dortmund,29,1994,0.7,25,3,4,11,10,3,25,1,0,0.0,1,100.0,11,62,10,0,0,0,1,0,16,5
269,Micah Hamilton,eng ENG,FW,Manchester City,19,2003,1.2,48,0,1,10,37,9,48,5,0,0.0,5,100.0,35,193,137,7,1,6,0,1,37,13
270,Dávid Hancko,sk SVK,DF,Feyenoord,25,1997,6.0,599,52,283,294,24,8,599,3,2,66.7,1,33.3,453,2169,1262,3,5,0,2,1,469,1
271,Joe Hart,eng ENG,GK,Celtic,36,1987,6.0,264,236,264,0,0,0,264,0,0,0.0,0,0.0,129,572,343,0,0,0,0,0,136,0
272,Quilindschy Hartman,nl NED,DF,Feyenoord,21,2001,6.0,474,17,143,239,96,5,474,7,1,14.3,5,71.4,273,1007,550,7,9,2,6,3,315,16
273,Reo Hatate,jp JPN,MF,Celtic,25,1997,1.5,81,1,12,47,23,1,81,1,0,0.0,0,0.0,53,240,135,3,2,0,2,2,67,6
274,Kai Havertz,de GER,"MF,FW",Arsenal,24,1999,9.2,349,7,38,174,141,28,349,17,3,17.6,12,70.6,201,933,418,10,10,3,18,9,253,41
275,Benjamin Henrichs,de GER,"DF,MF",RB Leipzig,26,1997,5.5,404,18,139,173,94,8,404,6,4,66.7,2,33.3,226,1065,554,9,9,1,4,2,237,19
276,Mario Hermoso,es ESP,DF,Atlético Madrid,28,1995,9.1,799,43,277,432,92,7,799,9,6,66.7,3,33.3,444,1485,720,7,9,0,3,1,589,15
277,Lucas Hernández,fr FRA,DF,Paris S-G,27,1996,9.3,754,28,237,429,93,5,754,6,4,66.7,1,16.7,590,2712,1136,15,5,1,12,2,555,8
278,Theo Hernández,fr FRA,DF,Milan,25,1997,6.0,361,19,99,173,96,8,361,11,5,45.5,4,36.4,232,1354,788,19,13,2,11,2,233,21
279,André Horta,pt POR,MF,Braga,26,1996,0.4,48,1,4,21,23,1,48,2,0,0.0,2,100.0,33,114,44,1,0,1,1,1,35,2
280,Ricardo Horta,pt POR,"FW,MF",Braga,28,1994,5.6,287,1,26,126,138,25,287,8,4,50.0,4,50.0,200,797,285,6,7,2,11,7,216,33
281,Mats Hummels,de GER,DF,Dortmund,34,1988,13.0,899,123,467,408,31,14,899,7,7,100.0,0,0.0,573,3324,1906,13,4,0,7,0,553,1
282,Oh Hyeon-gyu,kr KOR,"FW,MF",Celtic,22,2001,1.2,39,0,5,22,12,2,39,4,2,50.0,2,50.0,31,128,28,1,0,0,9,3,34,3
283,Elseid Hysaj,al ALB,DF,Lazio,29,1994,3.8,232,8,105,109,20,0,232,3,1,33.3,2,66.7,120,687,326,4,5,0,1,0,148,1
284,Yang Hyunjun,kr KOR,FW,Celtic,21,2002,2.3,98,2,17,45,36,4,98,11,4,36.4,5,45.5,61,337,153,5,2,1,10,7,64,15
286,Oscar Højlund,dk DEN,MF,FC Copenhagen,18,2005,0.5,27,2,9,12,7,1,27,2,2,100.0,0,0.0,12,47,20,0,0,0,2,0,11,0
287,Rasmus Højlund,dk DEN,FW,Manchester Utd,20,2003,5.4,114,0,5,59,54,18,114,14,5,35.7,7,50.0,67,411,188,5,5,3,11,11,86,21
288,Mauro Icardi,ar ARG,FW,Galatasaray,30,1993,5.8,133,4,4,57,73,32,131,3,1,33.3,2,66.7,77,330,98,1,2,1,5,1,93,23
289,George Ilenikhena,fr FRA,FW,Antwerp,16,2006,1.7,34,3,4,15,15,4,34,3,1,33.3,2,66.7,20,114,37,1,0,0,4,4,19,4
290,Ciro Immobile,it ITA,FW,Lazio,33,1990,5.6,174,7,19,75,80,24,173,10,6,60.0,3,30.0,83,350,142,5,3,1,24,6,120,33
291,Hwang In-beom,kr KOR,MF,Red Star,26,1996,5.9,334,19,87,154,96,11,334,10,3,30.0,2,20.0,173,807,367,9,5,2,3,1,191,16
292,Alexander Isak,se SWE,FW,Newcastle Utd,23,1999,3.5,100,4,11,58,32,8,100,10,2,20.0,7,70.0,76,491,202,7,4,3,5,8,84,18
293,Gustav Isaksen,dk DEN,FW,Lazio,22,2001,2.7,116,1,9,42,67,12,116,14,8,57.1,5,35.7,73,454,240,9,4,3,2,3,92,30
294,Cedric Itten,ch SUI,FW,Young Boys,26,1996,3.1,71,3,9,39,30,10,70,2,0,0.0,2,100.0,38,247,112,2,8,2,7,3,44,4
295,Mirko Ivanić,me MNE,MF,Red Star,29,1993,4.1,164,9,41,72,56,6,164,7,1,14.3,5,71.4,92,580,247,7,8,0,7,10,89,20
296,Luka Ivanušec,hr CRO,"FW,MF",Feyenoord,24,1998,2.3,113,2,12,41,63,9,113,6,2,33.3,4,66.7,80,419,200,9,5,3,5,2,75,19
297,Tomoki Iwata,jp JPN,"MF,FW",Celtic,26,1997,0.7,32,3,12,19,1,0,32,0,0,0.0,0,0.0,15,75,24,1,0,0,0,0,18,0
298,Paul Jaeckel,de GER,DF,Union Berlin,25,1998,1.9,72,15,42,28,3,2,72,1,1,100.0,0,0.0,30,144,83,2,0,0,1,0,34,2
299,Alireza Jahanbakhsh,ir IRN,"FW,DF",Feyenoord,29,1993,0.8,86,1,3,32,51,10,86,5,1,20.0,3,60.0,60,239,143,6,1,2,4,1,66,24
300,Ivan Jaime Pajuelo,es ESP,MF,Porto,22,2000,1.0,48,1,1,27,20,1,48,2,0,0.0,1,50.0,35,234,123,4,0,0,2,1,37,6
301,Saidy Janko,gm GAM,DF,Young Boys,27,1995,3.6,187,9,27,85,75,1,187,17,8,47.1,8,47.1,90,513,257,9,7,0,1,4,97,5
302,Vincent Janssen,nl NED,FW,Antwerp,29,1994,4.5,151,8,22,89,41,13,151,4,2,50.0,2,50.0,84,335,64,1,0,0,6,10,91,15
303,Elias Jelert,dk DEN,DF,FC Copenhagen,20,2003,6.5,380,28,146,147,93,4,380,13,8,61.5,5,38.5,172,1058,569,16,11,0,9,5,196,18
304,Gabriel Jesus,br BRA,FW,Arsenal,26,1997,4.5,210,5,17,90,104,34,210,26,11,42.3,13,50.0,135,677,257,10,13,3,19,7,150,43
305,Juan Jesus,br BRA,DF,Napoli,32,1991,4.8,321,45,163,157,4,0,321,0,0,0.0,0,0.0,194,857,433,1,0,0,2,0,214,0
306,Joelinton,br BRA,"MF,FW",Newcastle Utd,26,1996,3.7,196,8,34,96,69,14,196,9,5,55.6,3,33.3,121,766,323,9,6,2,5,9,154,21
307,Alistair Johnston,ca CAN,DF,Celtic,24,1998,6.0,467,28,164,233,72,2,467,9,4,44.4,1,11.1,248,943,483,5,4,1,5,3,305,25
308,Michael Johnston,ie IRL,FW,Celtic,24,1999,1.1,55,0,7,23,26,2,55,8,3,37.5,5,62.5,38,328,132,6,4,0,5,2,37,5
309,Frenkie de Jong,nl NED,MF,Barcelona,26,1997,4.4,292,12,81,161,51,0,292,6,4,66.7,2,33.3,205,1144,515,4,4,0,2,3,232,4
310,Luuk de Jong,nl NED,FW,PSV Eindhoven,32,1990,7.0,224,5,22,104,98,37,222,2,0,0.0,2,100.0,103,335,119,4,2,2,13,9,155,33
312,Joan Jordán,es ESP,MF,Sevilla,29,1994,0.9,38,2,11,22,5,0,38,0,0,0.0,0,0.0,20,81,31,0,0,0,0,0,23,1
313,Jorginho,it ITA,MF,Arsenal,31,1991,5.9,399,11,82,265,53,3,398,0,0,0.0,0,0.0,250,1057,425,3,3,1,5,5,290,7
314,Joselu,es ESP,FW,Real Madrid,33,1990,3.1,128,4,11,43,74,33,128,0,0,0.0,0,0.0,80,174,53,2,1,2,6,6,97,13
315,Luka Jović,rs SRB,"FW,MF",Milan,25,1997,0.4,16,0,0,6,10,5,16,1,0,0.0,1,100.0,10,84,49,2,2,0,1,0,14,0
316,Mauro Júnior,br BRA,"MF,DF",PSV Eindhoven,24,1999,2.0,130,4,35,62,35,3,130,8,3,37.5,4,50.0,69,371,156,3,4,1,10,1,73,8
317,Hamed Junior Traorè,ci CIV,MF,Napoli,23,2000,1.1,58,0,9,29,21,2,58,1,1,100.0,0,0.0,25,90,27,0,1,0,2,4,37,4
318,Vinicius Júnior,br BRA,FW,Real Madrid,23,2000,10.0,446,1,33,128,299,81,445,78,37,47.4,35,44.9,332,2888,1678,70,41,42,21,22,366,111
319,Josip Juranović,hr CRO,DF,Union Berlin,27,1995,4.6,229,26,86,87,59,1,229,4,2,50.0,1,25.0,92,595,370,7,7,1,6,1,96,6
320,David Jurásek,cz CZE,"MF,DF",Benfica,22,2000,1.4,116,7,41,33,43,3,116,5,1,20.0,4,80.0,42,243,78,3,2,1,3,2,51,4
321,Uroš Kabić,rs SRB,DF,Red Star,19,2004,0.1,5,1,2,3,0,0,5,0,0,0.0,0,0.0,2,8,0,0,0,0,1,0,3,0
322,Pierre Kalulu,fr FRA,DF,Milan,23,2000,1.0,48,2,18,26,4,0,48,1,1,100.0,0,0.0,34,162,62,0,0,0,2,0,28,0
323,Daichi Kamada,jp JPN,MF,Lazio,26,1996,2.9,151,5,24,90,38,6,151,2,1,50.0,1,50.0,93,452,169,2,5,1,5,1,111,7
324,Dijon Kameri,at AUT,MF,RB Salzburg,19,2004,0.1,5,1,3,2,0,0,5,0,0,0.0,0,0.0,2,15,4,0,0,0,0,0,1,0
325,Kevin Kampl,si SVN,MF,RB Leipzig,32,1990,3.1,234,12,61,141,33,2,234,2,2,100.0,0,0.0,155,952,440,9,10,1,4,0,155,1
326,Harry Kane,eng ENG,FW,Bayern Munich,30,1993,11.8,335,10,36,169,134,38,332,14,4,28.6,8,57.1,205,1076,426,12,7,4,19,9,255,30
327,Lee Kang-in,kr KOR,"MF,FW",Paris S-G,22,2001,3.8,323,4,28,130,168,19,323,12,5,41.7,6,50.0,254,1280,553,11,12,5,9,5,245,25
328,Guélor Kanga,ga GAB,MF,Red Star,32,1990,1.6,113,0,26,63,24,0,113,1,1,100.0,0,0.0,53,246,108,1,1,0,2,2,80,3
329,Kings Kangwa,zm ZAM,MF,Red Star,24,1999,0.1,11,0,0,9,2,1,11,1,0,0.0,1,100.0,7,26,7,0,0,0,0,0,8,1
330,Kazımcan Karataş,tr TUR,DF,Galatasaray,20,2003,0.8,40,4,9,20,12,0,40,1,1,100.0,0,0.0,22,90,22,0,2,0,3,0,21,3
331,Oleksii Kashchuk,ua UKR,FW,Shakhtar,23,2000,0.3,11,0,2,5,4,0,11,0,0,0.0,0,0.0,9,68,26,1,1,0,1,2,10,2
332,Aleksandar Katai,rs SRB,"MF,FW",Red Star,32,1991,0.9,40,3,6,14,21,10,40,3,3,100.0,0,0.0,29,127,29,1,2,0,3,6,33,9
333,Mandela Keita,be BEL,MF,Antwerp,21,2002,2.9,132,16,60,64,10,0,132,8,4,50.0,2,25.0,82,364,160,0,2,0,5,0,81,1
334,Kevin Kelsy,ve VEN,FW,Shakhtar,19,2004,1.5,38,1,6,22,10,2,38,2,0,0.0,1,50.0,23,99,5,0,1,0,8,8,26,3
335,Aljoscha Kemlein,de GER,MF,Union Berlin,18,2004,0.1,3,2,2,1,0,0,3,0,0,0.0,0,0.0,0,0,0,0,0,0,0,0,0,0
336,Gyrano Kerk,sr SUR,FW,Antwerp,27,1995,2.3,81,2,15,34,35,6,81,6,3,50.0,2,33.3,47,329,211,8,2,2,12,3,51,12
338,Rani Khedira,de GER,MF,Union Berlin,29,1994,3.2,139,6,35,86,20,2,139,0,0,0.0,0,0.0,61,232,69,0,2,0,1,1,77,2
339,Abdukodir Khusanov,uz UZB,DF,Lens,19,2004,0.3,21,6,17,4,0,0,21,0,0,0.0,0,0.0,15,182,22,0,1,1,0,0,12,0
340,Joshua Kimmich,de GER,"MF,DF",Bayern Munich,28,1995,12.0,1036,32,249,528,262,12,1036,4,4,100.0,0,0.0,604,3367,1345,21,19,2,10,2,738,40
341,Jakub Kiwior,pl POL,DF,Arsenal,23,2000,4.2,226,10,60,127,41,7,226,3,3,100.0,0,0.0,118,521,281,2,1,0,5,1,138,2
342,Simon Kjær,dk DEN,DF,Milan,34,1989,0.0,1,0,1,0,0,0,1,0,0,0.0,0,0.0,1,3,0,0,0,0,0,0,1,0
343,Maurits Kjærgaard,dk DEN,"MF,FW",RB Salzburg,20,2003,2.3,110,2,22,49,40,6,110,3,0,0.0,3,100.0,77,455,275,9,8,0,4,1,69,10
344,Davy Klaassen,nl NED,"MF,FW",Inter,30,1993,0.9,38,0,9,15,14,0,38,0,0,0.0,0,0.0,21,77,21,1,0,0,0,2,25,1
345,Lukas Klostermann,de GER,DF,RB Leipzig,27,1996,4.0,247,47,143,102,4,0,247,0,0,0.0,0,0.0,144,534,253,1,0,0,1,0,163,0
346,Robin Knoche,de GER,DF,Union Berlin,31,1992,3.0,204,19,96,103,5,3,204,0,0,0.0,0,0.0,131,591,397,6,2,0,3,0,149,1
347,Gregor Kobel,ch SUI,GK,Dortmund,25,1997,12.0,500,402,499,1,0,0,500,1,1,100.0,0,0.0,327,1573,662,0,0,0,0,0,280,0
348,Sekou Koita,ml MLI,FW,RB Salzburg,23,1999,0.8,25,3,3,9,13,2,25,2,1,50.0,1,50.0,14,105,36,1,0,0,2,0,12,4
349,Orkun Kökçü,tr TUR,MF,Benfica,22,2000,2.9,177,8,43,100,37,0,177,8,4,50.0,3,37.5,115,554,193,2,4,0,1,3,116,5
350,Koke,es ESP,MF,Atlético Madrid,31,1992,8.6,727,22,171,450,109,3,727,3,2,66.7,1,33.3,401,1518,678,6,5,0,7,4,578,10
351,Randal Kolo Muani,fr FRA,"FW,MF",Paris S-G,24,1998,5.2,183,5,23,74,87,31,183,20,7,35.0,12,60.0,141,876,397,14,7,12,13,12,138,38
352,Karim Konaté,ci CIV,"FW,MF",RB Salzburg,19,2004,2.6,89,2,12,32,45,17,88,10,4,40.0,4,40.0,55,316,155,8,1,6,6,3,52,16
353,Yukhym Konoplia,ua UKR,DF,Shakhtar,23,1999,2.8,157,6,48,75,37,6,157,4,3,75.0,1,25.0,101,473,220,3,1,1,5,2,95,12
354,Ilias Kostis,gr GRE,FW,Atlético Madrid,20,2003,0.0,0,0,0,0,0,0,0,0,0,0.0,0,0.0,0,0,0,0,0,0,0,0,0,0
355,Jules Koundé,fr FRA,DF,Barcelona,24,1998,8.0,622,66,257,316,52,3,622,7,5,71.4,1,14.3,404,2002,1175,3,12,0,7,2,419,6
356,Mateo Kovačić,hr CRO,MF,Manchester City,29,1994,4.8,394,8,52,236,107,9,394,11,4,36.4,4,36.4,248,1608,664,14,16,1,5,3,331,16
357,Alex Král,cz CZE,MF,Union Berlin,25,1998,2.8,130,5,30,77,23,1,130,1,1,100.0,0,0.0,61,367,206,6,6,0,4,1,67,3
358,Jean-Philippe Krasso,ci CIV,"FW,MF",Red Star,26,1997,1.2,56,2,11,24,21,6,56,6,2,33.3,4,66.7,23,110,46,2,1,2,2,2,37,5
359,Frans Krätzig,de GER,DF,Bayern Munich,20,2003,0.1,10,2,5,2,3,0,10,0,0,0.0,0,0.0,7,38,29,1,1,0,0,0,6,1
360,Toni Kroos,de GER,MF,Real Madrid,33,1990,9.5,987,37,264,589,138,3,987,3,2,66.7,0,0.0,686,2843,1387,7,9,1,3,4,768,9
361,Rade Krunić,ba BIH,"MF,DF",Milan,29,1993,2.3,151,6,26,105,24,1,151,0,0,0.0,0,0.0,106,691,373,8,4,0,2,1,100,0
362,Dmytro Kryskiv,ua UKR,"MF,FW",Shakhtar,22,2000,4.3,152,2,48,72,38,9,152,5,3,60.0,2,40.0,112,654,290,7,4,0,5,6,95,8
364,Takefusa Kubo,jp JPN,"FW,MF",Real Sociedad,22,2001,6.2,308,4,19,89,206,33,308,38,17,44.7,12,31.6,214,1609,834,31,13,22,22,9,218,67
365,Khvicha Kvaratskhelia,ge GEO,FW,Napoli,22,2001,7.4,409,4,35,157,224,39,409,60,29,48.3,22,36.7,280,2252,1206,52,31,19,19,16,320,71
366,Gustaf Lagerbielke,se SWE,DF,Celtic,23,2000,0.9,79,15,54,23,2,1,79,0,0,0.0,0,0.0,41,183,106,0,0,0,0,0,58,0
367,Aïssa Laïdouni,tn TUN,MF,Union Berlin,26,1996,3.1,144,7,27,69,52,5,144,10,6,60.0,3,30.0,91,445,232,9,5,2,6,6,93,10
368,Konrad Laimer,at AUT,"MF,DF",Bayern Munich,26,1997,8.6,536,16,150,272,121,12,536,19,10,52.6,7,36.8,300,1710,1071,22,24,5,7,9,360,29
369,Érik Lamela,ar ARG,"FW,MF",Sevilla,31,1992,2.1,80,1,18,28,37,4,80,5,0,0.0,5,100.0,49,285,126,5,2,1,2,5,42,11
370,Senne Lammens,be BEL,GK,Antwerp,21,2002,1.0,59,52,59,0,0,0,59,0,0,0.0,0,0.0,39,204,103,0,0,0,0,0,29,0
371,Noa Lang,nl NED,FW,PSV Eindhoven,24,1999,1.8,104,1,9,31,68,15,104,21,13,61.9,7,33.3,73,949,567,26,13,11,6,1,78,20
372,Jordan Larsson,se SWE,"FW,MF",FC Copenhagen,26,1997,1.2,41,1,2,17,22,6,40,3,0,0.0,3,100.0,23,52,18,0,1,0,6,1,28,4
373,Jamaal Lascelles,eng ENG,DF,Newcastle Utd,29,1993,5.0,243,28,108,119,16,9,243,1,1,100.0,0,0.0,117,491,246,1,2,0,4,0,142,3
374,Sandro Lauper,ch SUI,MF,Young Boys,26,1996,3.1,139,8,46,69,25,2,139,3,1,33.3,2,66.7,77,286,110,2,0,1,3,2,85,3
375,Manuel Lazzari,it ITA,DF,Lazio,29,1993,4.7,316,12,93,151,74,8,316,9,5,55.6,3,33.3,153,1022,561,16,13,4,9,4,187,21
376,Robin Le Normand,es ESP,DF,Real Sociedad,26,1996,6.4,370,32,170,189,12,6,370,0,0,0.0,0,0.0,250,1188,418,2,0,0,3,1,254,0
377,Rafael Leão,pt POR,FW,Milan,24,1999,4.9,203,2,23,102,87,21,203,39,18,46.2,14,35.9,152,1333,695,25,15,8,16,7,154,38
378,Diogo Leite,pt POR,DF,Union Berlin,24,1999,6.0,383,48,178,188,22,5,383,4,2,50.0,2,50.0,214,1038,659,5,2,0,4,0,234,5
379,Stav Lemkin,il ISR,DF,Shakhtar,20,2003,0.7,59,6,35,24,0,0,59,0,0,0.0,0,0.0,50,250,160,0,0,0,1,0,51,0
380,Christopher Lenz,de GER,DF,RB Leipzig,28,1994,1.0,83,3,45,29,9,0,83,2,2,100.0,0,0.0,36,156,86,1,1,0,1,1,42,3
381,Lukas Lerager,dk DEN,MF,FC Copenhagen,30,1993,6.0,248,16,69,107,73,11,248,5,3,60.0,2,40.0,112,260,67,2,2,1,6,6,138,17
382,Robert Lewandowski,pl POL,FW,Barcelona,34,1988,8.2,258,9,15,108,137,39,258,6,2,33.3,4,66.7,159,850,313,12,5,4,28,13,202,36
383,Rico Lewis,eng ENG,"MF,DF",Manchester City,18,2004,6.1,409,9,51,211,151,16,409,9,5,55.6,3,33.3,272,1466,825,15,19,0,6,8,330,34
384,Matthijs de Ligt,nl NED,DF,Bayern Munich,23,1999,5.2,357,54,195,154,9,4,357,1,0,0.0,0,0.0,220,1044,511,2,1,0,1,0,272,0
385,Victor Lindelöf,se SWE,DF,Manchester Utd,29,1994,3.3,182,28,102,71,10,2,182,1,0,0.0,0,0.0,92,549,282,3,1,0,1,0,105,3
386,Jesper Lindstrøm,dk DEN,FW,Napoli,23,2000,0.7,46,0,6,22,18,2,46,3,2,66.7,1,33.3,36,308,150,5,3,0,2,3,38,10
387,Ondřej Lingr,cz CZE,"FW,MF",Feyenoord,24,1998,0.8,39,2,4,14,21,3,39,2,1,50.0,1,50.0,24,103,21,0,0,0,2,2,26,6
388,Samuel Lino,br BRA,DF,Atlético Madrid,23,1999,5.6,331,5,58,135,142,36,331,20,9,45.0,9,45.0,208,1174,799,26,18,11,7,2,235,48
390,Valentino Livramento,eng ENG,"DF,FW",Newcastle Utd,20,2002,3.0,165,12,53,72,42,5,165,3,2,66.7,1,33.3,83,630,307,7,4,0,4,2,89,13
391,Marcos Llorente,es ESP,"MF,DF",Atlético Madrid,28,1995,7.2,384,10,90,149,148,20,384,6,4,66.7,2,33.3,212,985,489,17,13,4,13,1,280,51
392,Danny Loader,eng ENG,"MF,FW",Porto,22,2000,0.2,14,0,2,4,9,4,14,2,0,0.0,2,100.0,13,88,54,1,0,0,1,0,11,7
393,Stanislav Lobotka,sk SVK,MF,Napoli,28,1994,7.5,473,18,106,312,58,2,473,3,1,33.3,2,66.7,272,1411,558,5,8,0,11,1,347,7
394,Ruben Loftus-Cheek,eng ENG,MF,Milan,27,1996,3.6,118,3,17,47,61,16,118,22,13,59.1,5,22.7,80,769,485,15,9,2,5,3,84,16
395,Sean Longstaff,eng ENG,MF,Newcastle Utd,25,1997,3.9,182,7,53,97,34,6,182,3,3,100.0,0,0.0,101,459,163,3,3,0,8,1,109,11
396,Rony Lopes,pt POR,FW,Braga,27,1995,0.0,10,0,0,2,8,5,10,1,0,0.0,1,100.0,6,37,33,1,0,0,0,0,5,1
397,Fermin López,es ESP,MF,Barcelona,20,2003,3.1,184,3,24,84,78,11,184,11,4,36.4,5,45.5,105,424,232,6,5,1,7,3,126,14
398,Marcos López,pe PER,DF,Feyenoord,23,1999,0.5,27,2,13,9,5,0,27,0,0,0.0,0,0.0,12,32,16,0,0,0,0,0,14,1
399,Hirving Lozano,mx MEX,FW,PSV Eindhoven,28,1995,4.2,192,3,15,65,115,16,192,18,7,38.9,9,50.0,138,1093,586,21,11,8,17,6,140,57
400,Vladimir Lučić,rs SRB,"DF,FW",Red Star,21,2002,2.3,140,3,30,52,59,16,140,17,12,70.6,5,29.4,84,506,204,12,6,9,5,2,100,18
401,Florentino Luís,pt POR,MF,Benfica,23,1999,1.2,74,0,10,55,12,0,74,1,0,0.0,1,100.0,33,141,55,1,2,0,2,0,55,1
402,Castello Lukeba,fr FRA,DF,RB Leipzig,20,2002,6.9,462,76,275,184,4,2,462,2,1,50.0,1,50.0,310,1510,786,8,2,0,1,1,334,1
403,Dodi Lukebakio,be BEL,FW,Sevilla,25,1997,2.7,105,0,11,54,45,9,105,14,5,35.7,8,57.1,69,672,409,10,6,2,9,0,74,16
404,Valdemar Lund,dk DEN,DF,FC Copenhagen,20,2003,0.3,13,2,8,5,0,0,13,0,0,0.0,0,0.0,11,40,15,0,0,0,0,0,10,0
405,Andriy Lunin,ua UKR,GK,Real Madrid,24,1999,8.3,285,246,285,0,0,0,285,0,0,0.0,0,0.0,167,754,409,0,0,0,0,0,130,0
406,Fabian Lustenberger,ch SUI,DF,Young Boys,35,1988,1.0,70,8,32,34,4,1,70,1,1,100.0,0,0.0,42,96,38,0,0,0,1,0,43,0
407,Ian Maatsen,nl NED,DF,Dortmund,21,2002,7.0,489,33,151,241,103,8,489,15,5,33.3,8,53.3,275,1437,608,14,9,2,12,8,290,17
408,Deiver Machado,co COL,DF,Lens,29,1993,4.1,204,9,71,95,39,6,204,8,5,62.5,1,12.5,112,662,299,8,9,0,5,4,103,11
409,Daizen Maeda,jp JPN,FW,Celtic,25,1997,3.1,123,3,15,59,52,11,123,18,8,44.4,9,50.0,94,565,143,5,6,1,17,4,92,32
410,Gabriel Magalhães,br BRA,DF,Arsenal,25,1997,10.3,782,91,313,432,39,5,782,0,0,0.0,0,0.0,531,2715,1595,1,7,0,6,2,584,0
411,Harry Maguire,eng ENG,DF,Manchester Utd,30,1993,3.4,252,28,133,110,11,3,252,0,0,0.0,0,0.0,165,979,478,2,2,0,3,0,177,0
412,Jon Magunacelaya,es ESP,MF,Real Sociedad,23,2000,0.2,5,0,1,0,4,1,5,1,0,0.0,1,100.0,4,21,13,1,0,0,0,0,4,2
413,Mike Maignan,fr FRA,GK,Milan,28,1995,5.9,196,159,194,2,0,0,196,0,0,0.0,0,0.0,126,696,453,0,0,0,0,0,79,0
414,Kobbie Mainoo,eng ENG,MF,Manchester Utd,18,2005,0.5,26,3,8,16,3,0,26,1,1,100.0,0,0.0,13,59,43,1,0,0,1,0,18,1
416,Donyell Malen,nl NED,FW,Dortmund,24,1999,5.1,219,5,31,92,101,28,219,11,7,63.6,4,36.4,164,1173,642,25,17,10,25,6,168,45
417,Darian Males,ch SUI,MF,Young Boys,22,2001,1.9,67,1,7,31,30,1,67,5,3,60.0,1,20.0,38,212,98,4,1,0,4,3,42,2
418,Reinildo Mandava,mz MOZ,DF,Atlético Madrid,29,1994,0.3,24,8,14,7,3,0,24,0,0,0.0,0,0.0,11,54,16,1,0,0,1,0,10,1
419,José María Giménez,uy URU,DF,Atlético Madrid,28,1995,5.3,307,61,199,101,7,7,307,0,0,0.0,0,0.0,143,592,228,0,0,0,1,0,196,2
420,Mariano,do DOM,"MF,FW",Sevilla,29,1993,0.7,26,0,4,7,15,8,26,1,0,0.0,1,100.0,16,80,43,1,1,1,2,0,18,5
421,Adrián Marín,es ESP,DF,Braga,26,1997,0.3,14,1,2,11,1,0,14,0,0,0.0,0,0.0,8,33,23,0,0,0,0,0,8,1
422,João Mário,pt POR,"FW,MF",Benfica,30,1993,3.6,192,4,27,87,85,8,192,8,6,75.0,2,25.0,120,715,358,7,5,1,3,12,135,14
423,João Mário Lopes,pt POR,DF,Porto,23,2000,6.6,349,15,121,146,91,12,349,30,16,53.3,10,33.3,209,1349,819,25,12,6,8,7,200,32
424,Marquinhos,br BRA,DF,Paris S-G,29,1994,10.0,890,101,389,462,44,7,890,2,1,50.0,1,50.0,707,3952,2292,9,11,0,1,0,670,2
425,Anthony Martial,fr FRA,"FW,DF",Manchester Utd,27,1995,0.6,20,1,2,8,10,2,20,3,2,66.7,1,33.3,14,113,60,2,1,0,0,3,16,6
426,Gabriel Martinelli,br BRA,FW,Arsenal,22,2001,5.3,256,2,19,73,167,28,256,46,20,43.5,23,50.0,183,1307,664,31,14,18,21,13,190,82
427,Iñigo Martínez,es ESP,DF,Barcelona,32,1991,3.5,231,22,96,127,8,0,231,0,0,0.0,0,0.0,141,786,543,8,2,0,0,0,161,0
428,Lautaro Martínez,ar ARG,FW,Inter,25,1997,5.9,198,4,20,90,91,38,197,13,4,30.8,8,61.5,112,660,346,11,4,5,19,9,141,38
429,Lisandro Martínez,ar ARG,DF,Manchester Utd,25,1998,1.0,56,6,27,29,0,0,56,2,2,100.0,0,0.0,41,223,133,1,1,0,1,0,34,0
430,Toni Martínez,es ESP,FW,Porto,26,1997,0.1,7,2,2,5,0,0,7,0,0,0.0,0,0.0,2,0,0,0,0,0,0,0,5,0
431,Adam Marušić,me MNE,DF,Lazio,30,1992,5.7,364,20,142,167,57,0,364,5,2,40.0,3,60.0,185,824,413,5,4,1,5,5,240,16
432,Matheus,br BRA,GK,Braga,31,1992,6.0,227,181,225,2,0,0,227,0,0,0.0,0,0.0,125,558,423,0,0,0,0,0,98,0
433,Magnus Mattsson,dk DEN,MF,FC Copenhagen,24,1999,1.3,45,3,10,15,20,4,45,1,1,100.0,0,0.0,14,76,59,2,0,0,2,0,20,3
434,Mykola Matviyenko,ua UKR,DF,Shakhtar,27,1996,5.0,333,68,211,111,14,5,333,0,0,0.0,0,0.0,199,711,349,3,0,0,6,1,207,4
435,Eric Maxim Choupo-Moting,cm CMR,"FW,MF",Bayern Munich,34,1989,0.5,30,0,4,14,13,4,30,2,1,50.0,1,50.0,20,63,31,1,0,1,4,1,21,2
436,Noussair Mazraoui,ma MAR,DF,Bayern Munich,25,1997,7.2,489,17,139,240,114,13,489,8,6,75.0,2,25.0,259,1273,759,17,14,4,9,6,338,32
437,Kylian Mbappé,fr FRA,FW,Paris S-G,24,1998,12.0,547,3,16,176,361,110,544,72,36,50.0,30,41.7,457,3007,1579,73,33,36,34,11,454,142
438,Callum McGregor,sct SCO,MF,Celtic,30,1993,5.8,396,30,102,233,64,4,396,4,2,50.0,1,25.0,231,962,365,3,6,1,6,5,286,3
439,Scott McKenna,sct SCO,DF,FC Copenhagen,26,1996,2.0,95,27,71,18,6,1,95,0,0,0.0,0,0.0,52,139,54,0,1,0,1,0,70,0
440,Scott McTominay,sct SCO,MF,Manchester Utd,26,1996,4.2,171,11,40,89,43,9,171,4,3,75.0,1,25.0,104,526,244,7,4,1,4,5,127,12
442,Facundo Medina,ar ARG,DF,Lens,24,1999,5.5,324,27,136,157,36,4,324,3,2,66.7,1,33.3,234,1513,585,5,3,0,3,4,211,5
443,Hannibal Mejbri,tn TUN,"MF,FW",Manchester Utd,20,2003,0.7,37,0,1,19,17,2,37,4,2,50.0,2,50.0,23,89,36,0,3,0,1,0,27,6
444,Birger Meling,no NOR,DF,FC Copenhagen,28,1994,2.1,131,8,58,48,26,2,131,5,3,60.0,1,20.0,67,398,175,6,1,1,1,2,73,7
445,Memphis,nl NED,FW,Atlético Madrid,29,1994,1.2,68,1,4,36,31,6,68,7,3,42.9,3,42.9,40,255,168,3,4,1,5,2,51,5
446,Joe Mendes,se SWE,DF,Braga,20,2002,2.3,155,5,23,73,62,0,155,2,1,50.0,0,0.0,117,736,455,19,14,0,0,0,118,12
447,Nuno Mendes,pt POR,DF,Paris S-G,21,2002,4.7,390,21,108,191,97,7,390,13,7,53.8,5,38.5,274,1352,687,12,11,2,3,6,246,13
448,Brais Méndez,es ESP,MF,Real Sociedad,26,1997,5.8,335,10,40,180,120,10,334,13,8,61.5,5,38.5,232,967,426,9,11,1,10,6,238,19
449,Ferland Mendy,fr FRA,DF,Real Madrid,28,1995,9.7,523,28,157,263,107,3,523,8,5,62.5,3,37.5,324,1135,524,4,8,1,6,2,361,28
450,Nampalys Mendy,sn SEN,MF,Lens,31,1992,4.1,196,9,48,120,28,1,196,3,0,0.0,2,66.7,130,688,185,2,2,1,4,3,126,2
451,Alex Meret,it ITA,GK,Napoli,26,1997,8.0,288,246,287,1,0,0,288,0,0,0.0,0,0.0,141,684,382,0,0,0,0,0,144,0
452,Mikel Merino,es ESP,MF,Real Sociedad,27,1996,7.0,418,20,71,217,132,24,418,12,10,83.3,2,16.7,242,885,324,6,9,2,11,11,285,18
453,Dries Mertens,be BEL,MF,Galatasaray,36,1987,2.2,104,2,7,32,65,9,104,1,0,0.0,0,0.0,59,249,122,5,4,2,2,0,65,16
454,Alexander Meyer,de GER,GK,Dortmund,32,1991,1.0,53,47,53,0,0,0,53,0,0,0.0,0,0.0,37,165,69,0,0,0,0,0,30,0
455,Srđan Mijailović,rs SRB,"DF,MF",Red Star,29,1993,5.4,261,20,105,115,43,3,261,4,2,50.0,2,50.0,93,392,172,2,1,0,1,1,124,7
456,Jovan Mijatović,rs SRB,"FW,MF",Red Star,18,2005,1.3,36,0,0,20,17,5,36,3,2,66.7,1,33.3,21,88,20,0,3,0,7,1,21,7
457,Antoni Milambo,nl NED,"DF,MF",Feyenoord,18,2005,0.4,29,0,0,15,14,1,29,1,1,100.0,0,0.0,19,102,64,1,2,0,0,0,24,2
458,Lewis Miley,eng ENG,MF,Newcastle Utd,17,2006,1.9,97,14,23,43,31,4,97,4,0,0.0,3,75.0,50,194,60,1,1,1,1,1,60,10
459,Éder Militão,br BRA,DF,Real Madrid,25,1998,0.1,11,4,10,1,0,0,11,0,0,0.0,0,0.0,2,3,0,0,0,0,0,0,3,0
460,Kim Min-jae,kr KOR,DF,Bayern Munich,26,1996,7.3,683,92,380,293,14,3,683,0,0,0.0,0,0.0,383,1716,1027,5,4,1,5,0,487,0
461,Yankuba Minteh,gm GAM,FW,Feyenoord,19,2004,2.2,114,2,9,23,83,17,114,19,11,57.9,8,42.1,70,540,298,12,3,5,12,4,73,35
462,Rafa Mir,es ESP,FW,Sevilla,26,1997,0.4,11,0,0,7,4,2,11,2,0,0.0,2,100.0,8,21,4,0,1,0,1,0,9,1
463,Stefan Mitrović,rs SRB,"DF,FW",Red Star,20,2002,2.3,78,7,22,26,31,3,78,13,3,23.1,6,46.2,50,378,142,5,2,2,3,0,49,10
464,Henrikh Mkhitaryan,am ARM,MF,Inter,34,1989,5.7,314,14,74,176,68,6,314,12,9,75.0,1,8.3,151,843,450,13,8,2,6,4,204,14
465,Luka Modrić,hr CRO,MF,Real Madrid,37,1985,4.7,459,13,62,252,146,7,458,4,1,25.0,2,50.0,354,1891,917,16,18,1,0,6,358,22
466,Nahuel Molina,ar ARG,DF,Atlético Madrid,25,1998,8.7,719,29,225,306,189,13,719,2,1,50.0,1,50.0,377,1300,689,11,11,2,11,5,475,58
468,Joel Monteiro,ch SUI,"FW,MF",Young Boys,23,1999,2.9,92,3,12,44,38,11,92,12,7,58.3,5,41.7,53,312,170,3,4,2,7,1,51,10
469,Álvaro Morata,es ESP,FW,Atlético Madrid,30,1992,7.4,243,11,34,103,106,38,243,13,3,23.1,9,69.2,131,760,385,12,4,8,11,9,174,39
470,Morato,br BRA,DF,Benfica,22,2001,4.8,363,44,150,178,37,7,363,4,1,25.0,3,75.0,196,1031,424,12,8,1,3,1,231,11
471,Leandro Morgalla,de GER,DF,RB Salzburg,18,2004,0.5,14,1,7,3,4,0,14,0,0,0.0,0,0.0,5,41,17,1,1,0,0,0,5,1
472,Youssoufa Moukoko,de GER,FW,Dortmund,18,2004,0.2,21,1,3,12,7,1,21,3,1,33.3,2,66.7,14,94,33,2,0,1,2,1,10,3
473,Mason Mount,eng ENG,"MF,FW",Manchester Utd,24,1999,1.0,49,0,5,32,12,5,49,0,0,0.0,0,0.0,28,145,87,3,3,0,1,3,30,5
474,João Moutinho,pt POR,MF,Braga,36,1986,3.2,305,13,59,187,60,3,305,8,7,87.5,1,12.5,191,723,346,3,8,1,1,2,230,2
475,Arbnor Muja,al ALB,FW,Antwerp,24,1998,4.0,165,2,13,61,92,12,165,8,6,75.0,2,25.0,115,812,396,14,6,6,12,6,124,33
476,Nordi Mukiele,fr FRA,DF,Paris S-G,25,1997,0.6,45,4,18,22,5,0,45,1,0,0.0,1,100.0,37,204,92,1,0,0,0,0,36,0
477,Thomas Müller,de GER,MF,Bayern Munich,33,1989,4.7,212,4,19,75,119,29,212,3,1,33.3,2,66.7,118,572,276,11,4,3,7,2,174,58
478,Aihen Muñoz,es ESP,DF,Real Sociedad,25,1997,5.3,399,23,94,214,91,3,399,9,3,33.3,6,66.7,233,1070,498,10,11,0,5,3,242,16
479,Jacob Murphy,eng ENG,FW,Newcastle Utd,28,1995,1.0,36,2,3,16,17,1,36,2,0,0.0,1,50.0,20,128,82,2,0,0,1,0,29,10
480,Petar Musa,hr CRO,"FW,MF",Benfica,25,1998,2.6,94,3,13,42,40,16,94,10,8,80.0,2,20.0,52,337,127,5,4,3,7,2,58,10
481,Yunus Musah,us USA,MF,Milan,20,2002,3.9,145,10,39,73,35,2,145,9,5,55.6,3,33.3,97,594,220,4,4,0,6,5,87,4
482,Jamal Musiala,de GER,"MF,FW",Bayern Munich,20,2003,9.7,473,3,65,252,169,44,473,51,32,62.7,17,33.3,306,2534,1505,52,24,16,18,19,371,63
483,Fernando Muslera,uy URU,GK,Galatasaray,37,1986,6.0,264,163,248,16,0,0,264,0,0,0.0,0,0.0,174,789,540,0,0,0,0,0,132,0
484,Almoatasem Al Musrati,ly LBY,MF,Braga,27,1996,3.4,329,13,67,221,43,5,329,2,1,50.0,1,50.0,233,1048,364,3,1,0,1,1,255,3
485,Nacho,es ESP,DF,Real Madrid,33,1990,10.9,736,110,352,358,32,12,736,2,2,100.0,0,0.0,475,1943,1163,4,6,0,5,3,548,1
486,Natan,br BRA,DF,Napoli,22,2001,5.0,408,56,172,215,23,4,408,3,2,66.7,1,33.3,239,1473,693,11,7,1,3,0,269,2
487,Fran Navarro,es ESP,FW,Porto,25,1998,0.1,3,0,0,1,2,0,3,0,0,0.0,0,0.0,2,9,5,0,0,0,1,0,2,1
488,Jesús Navas,es ESP,DF,Sevilla,37,1985,2.4,156,10,61,53,43,3,156,1,0,0.0,1,100.0,81,366,148,5,3,1,4,1,80,17
489,Yehor Nazaryna,ua UKR,MF,Shakhtar,26,1997,2.3,125,11,24,74,27,6,125,0,0,0.0,0,0.0,88,415,154,1,1,0,3,4,80,6
490,Cherif Ndiaye,sn SEN,FW,Red Star,27,1996,4.0,130,6,12,66,56,21,130,14,5,35.7,8,57.1,59,336,112,5,4,1,12,4,78,18
491,Tanguy Ndombele,fr FRA,MF,Galatasaray,26,1996,1.0,51,1,8,32,12,2,51,3,2,66.7,1,33.3,35,221,77,1,3,0,2,0,35,1
492,Kosta Nedeljković,rs SRB,DF,Red Star,17,2005,2.6,136,4,25,76,36,3,136,6,6,100.0,0,0.0,60,333,172,6,3,1,3,2,77,13
494,Reiss Nelson,eng ENG,FW,Arsenal,23,1999,2.0,125,0,8,55,67,8,125,13,7,53.8,6,46.2,86,509,213,6,6,4,9,5,98,16
495,Victor Nelsson,dk DEN,DF,Galatasaray,24,1998,1.1,103,9,55,46,2,1,103,0,0,0.0,0,0.0,74,302,127,0,0,0,0,0,70,0
496,David Neres,br BRA,FW,Benfica,26,1997,2.0,91,2,13,31,49,7,91,5,2,40.0,1,20.0,65,462,220,9,8,3,9,6,69,21
497,Manuel Neuer,de GER,GK,Bayern Munich,37,1986,9.0,364,270,355,9,0,0,364,1,1,100.0,0,0.0,222,1120,681,0,0,0,0,0,247,0
498,João Neves,pt POR,MF,Benfica,18,2004,6.0,453,18,123,252,82,8,453,18,13,72.2,4,22.2,267,1219,510,3,5,0,10,9,295,7
499,Newerton,br BRA,"MF,FW",Shakhtar,18,2005,2.4,87,5,28,27,35,8,87,13,6,46.2,7,53.8,59,447,250,7,3,4,7,0,51,18
500,Cyril Ngonge,be BEL,FW,Napoli,23,2000,0.0,0,0,0,0,0,0,0,0,0,0.0,0,0.0,0,0,0,0,0,0,0,0,0,0
501,Sikou Niakaté,ml MLI,DF,Braga,24,1999,4.3,296,48,156,135,7,4,296,0,0,0.0,0,0.0,186,922,491,0,2,0,1,0,208,0
502,Tanguy Nianzou,fr FRA,DF,Sevilla,21,2002,0.4,15,2,6,8,1,0,15,0,0,0.0,0,0.0,6,12,4,0,0,0,0,1,7,0
503,Cheikh Niasse,sn SEN,MF,Young Boys,23,2000,5.9,301,8,74,175,56,4,301,6,2,33.3,4,66.7,187,722,232,2,6,1,7,7,198,4
504,Bart Nieuwkoop,nl NED,DF,Feyenoord,27,1996,0.9,52,2,12,22,19,1,52,1,0,0.0,1,100.0,27,99,43,3,2,0,1,0,31,6
505,Saúl Ñíguez,es ESP,MF,Atlético Madrid,28,1994,4.8,281,17,70,145,69,8,281,2,0,0.0,2,100.0,134,464,159,2,3,0,10,3,179,12
506,Eddie Nketiah,eng ENG,FW,Arsenal,24,1999,1.6,67,1,5,27,35,16,67,4,1,25.0,2,50.0,39,184,62,4,0,1,8,3,47,12
507,Felix Nmecha,de GER,MF,Dortmund,22,2000,3.9,170,7,36,81,54,7,170,8,4,50.0,4,50.0,100,604,272,7,5,1,5,1,109,8
508,Jean-Pierre Nsame,cm CMR,FW,Young Boys,30,1993,1.8,61,2,5,28,28,8,61,0,0,0.0,0,0.0,38,94,37,0,0,0,5,0,44,8
509,Matheus Nunes,pt POR,"MF,FW",Manchester City,24,1998,4.7,379,4,22,157,203,34,379,28,9,32.1,13,46.4,242,1586,773,21,24,9,8,9,318,41
510,Ørjan Nyland,no NOR,GK,Sevilla,32,1990,2.0,88,73,87,1,0,0,88,0,0,0.0,0,0.0,50,266,121,0,0,0,0,0,41,0
511,Matt O'Riley,dk DEN,MF,Celtic,22,2000,5.4,303,18,66,141,96,13,303,8,3,37.5,4,50.0,149,694,350,8,9,2,14,12,185,29
512,Armando Obispo,nl NED,DF,PSV Eindhoven,24,1999,1.0,73,9,32,38,3,1,73,0,0,0.0,0,0.0,46,322,236,1,1,0,0,0,53,0
513,Jan Oblak,si SVN,GK,Atlético Madrid,30,1993,10.3,297,269,296,1,0,0,297,0,0,0.0,0,0.0,159,917,588,0,0,0,0,0,125,0
514,Lucas Ocampos,ar ARG,FW,Sevilla,29,1994,3.8,184,2,20,80,90,18,184,27,16,59.3,9,33.3,119,945,365,13,11,5,11,7,128,28
515,Álvaro Odriozola,es ESP,"DF,FW",Real Sociedad,27,1995,1.1,67,1,17,36,14,2,67,2,0,0.0,2,100.0,43,259,73,4,1,1,0,0,36,5
516,Noah Okafor,ch SUI,FW,Milan,23,2000,0.4,12,1,1,5,6,3,12,2,1,50.0,1,50.0,12,89,71,3,1,2,1,1,11,3
517,Olasagasti,es ESP,MF,Real Sociedad,22,2000,0.1,6,0,1,2,3,1,6,0,0,0.0,0,0.0,5,19,10,1,0,1,0,0,4,0
518,Peter Olayinka,ng NGA,"DF,FW",Red Star,27,1995,1.9,83,3,23,29,33,13,83,6,1,16.7,4,66.7,44,234,100,5,2,2,7,3,48,8
520,Sérgio Oliveira,pt POR,MF,Galatasaray,31,1992,1.4,108,2,18,58,32,2,108,5,4,80.0,1,20.0,68,351,181,5,3,0,0,0,68,6
521,Mathías Olivera,uy URU,DF,Napoli,25,1997,3.6,259,20,67,134,60,9,259,3,0,0.0,2,66.7,142,566,299,6,3,1,5,6,153,18
522,Dani Olmo,es ESP,MF,RB Leipzig,25,1998,2.0,109,2,14,44,52,12,109,6,3,50.0,3,50.0,76,398,227,11,6,2,3,3,80,15
523,André Onana,cm CMR,GK,Manchester Utd,27,1996,6.0,245,186,239,6,0,0,245,0,0,0.0,0,0.0,170,904,549,0,0,0,2,0,138,0
524,Loïs Openda,be BEL,FW,RB Leipzig,23,2000,6.1,169,2,10,62,100,39,169,16,10,62.5,2,12.5,132,930,520,24,16,13,9,16,133,40
525,Fredrik Oppegard,no NOR,FW,PSV Eindhoven,20,2002,0.0,2,0,2,0,0,0,2,0,0,0.0,0,0.0,1,11,0,0,1,0,0,0,0,0
526,Willi Orban,hu HUN,DF,RB Leipzig,30,1992,2.0,175,19,75,91,9,8,175,1,1,100.0,0,0.0,111,553,258,0,0,0,2,1,129,0
527,Stefan Ortega,de GER,GK,Manchester City,30,1992,3.0,176,121,176,0,0,0,176,1,1,100.0,0,0.0,131,596,389,0,0,0,0,0,118,0
528,Victor Osimhen,ng NGA,FW,Napoli,24,1998,5.1,136,11,17,49,71,33,136,10,5,50.0,5,50.0,86,443,132,9,0,5,12,8,106,39
529,Nicolás Otamendi,ar ARG,DF,Benfica,35,1988,6.0,403,65,183,198,23,11,403,1,1,100.0,0,0.0,222,1171,562,1,4,0,1,0,237,3
530,Mikel Oyarzabal,es ESP,"FW,MF",Real Sociedad,26,1997,6.5,194,1,18,99,81,21,194,10,2,20.0,8,80.0,133,652,262,9,3,7,9,10,139,42
531,Salih Özcan,tr TUR,MF,Dortmund,25,1998,4.9,279,12,73,168,43,3,279,3,0,0.0,2,66.7,154,612,240,3,5,0,3,0,168,2
532,Jon Pacheco,es ESP,DF,Real Sociedad,22,2001,1.4,82,12,37,44,1,1,82,0,0,0.0,0,0.0,59,346,191,1,0,0,0,0,54,0
533,Igor Paixão,br BRA,FW,Feyenoord,23,2000,4.4,196,5,17,71,110,16,195,12,10,83.3,1,8.3,117,671,359,9,6,3,14,4,123,42
534,Thomas Partey,gh GHA,MF,Arsenal,30,1993,0.1,10,2,3,6,1,0,10,0,0,0.0,0,0.0,7,36,24,0,1,0,0,0,8,0
535,Patric,es ESP,DF,Lazio,30,1993,4.1,342,43,184,153,8,3,342,1,1,100.0,0,0.0,248,1138,644,3,2,1,0,0,259,0
536,Benjamin Pavard,fr FRA,DF,Inter,27,1996,5.3,423,55,219,168,40,3,423,2,1,50.0,1,50.0,224,1120,594,5,4,1,0,2,310,12
537,Aleksandar Pavlovic,de GER,MF,Bayern Munich,19,2004,2.3,202,6,40,137,26,0,202,2,2,100.0,0,0.0,125,650,322,3,9,0,2,0,166,3
538,Strahinja Pavlović,rs SRB,DF,RB Salzburg,22,2001,5.5,380,63,219,143,21,4,380,5,4,80.0,0,0.0,266,1303,705,7,3,0,3,2,234,1
539,Nicolás Paz,ar ARG,MF,Real Madrid,18,2004,0.5,40,1,7,19,15,1,40,8,5,62.5,3,37.5,30,196,97,2,4,0,3,1,29,3
540,Pedri,es ESP,"MF,FW",Barcelona,20,2002,3.7,215,11,40,86,93,7,215,5,3,60.0,2,40.0,130,730,358,8,12,2,5,4,150,15
541,Pedro,es ESP,FW,Lazio,36,1987,2.1,110,1,16,62,34,6,109,7,5,71.4,2,28.6,58,415,184,5,6,2,5,0,82,8
542,Adrià Pedrosa,es ESP,"DF,FW",Sevilla,25,1998,3.6,162,6,37,79,48,3,162,9,2,22.2,5,55.6,109,676,187,3,9,1,6,7,98,20
543,Luca Pellegrini,it ITA,DF,Lazio,24,1999,1.8,138,8,31,74,33,1,138,5,2,40.0,3,60.0,67,340,161,3,3,0,2,0,95,9
544,Facundo Pellistri,uy URU,FW,Manchester Utd,21,2001,1.2,38,1,6,14,18,3,38,3,2,66.7,1,33.3,23,143,63,2,1,1,4,0,26,9
546,Iñaki Peña,es ESP,GK,Barcelona,24,1999,2.0,78,65,78,0,0,0,78,0,0,0.0,0,0.0,38,176,129,0,0,0,0,0,33,0
547,Pepe,pt POR,DF,Porto,40,1983,7.3,518,51,245,256,20,7,518,1,1,100.0,0,0.0,371,1709,823,6,4,0,6,2,370,0
548,Pepê,br BRA,"MF,FW",Porto,26,1997,7.1,294,7,49,145,104,23,294,20,10,50.0,9,45.0,208,1312,736,21,13,5,19,7,207,33
549,Ricardo Pepi,us USA,"FW,MF",PSV Eindhoven,20,2003,1.5,51,0,2,28,22,9,51,0,0,0.0,0,0.0,27,114,50,3,2,1,6,2,38,12
550,Danilo Pereira,pt POR,DF,Paris S-G,31,1991,1.8,147,22,73,73,1,0,147,0,0,0.0,0,0.0,120,706,376,3,1,0,0,0,116,0
551,Noah Persson,se SWE,"DF,MF",Young Boys,20,2003,0.4,29,3,8,13,8,1,29,0,0,0.0,0,0.0,19,76,13,0,0,0,0,1,24,0
552,Kalvin Phillips,eng ENG,MF,Manchester City,27,1995,1.4,135,1,31,88,16,5,134,3,0,0.0,1,33.3,91,415,161,1,1,0,3,1,108,0
553,Nathaniel Phillips,eng ENG,DF,Celtic,26,1997,1.0,106,13,61,37,9,1,106,0,0,0.0,0,0.0,62,321,196,3,1,0,0,0,83,3
554,Kamil Piątkowski,pl POL,DF,RB Salzburg,23,2000,2.0,118,19,70,44,4,0,118,1,0,0.0,1,100.0,65,351,150,0,0,0,1,1,55,1
555,Pizzi,pt POR,MF,Braga,33,1989,0.6,36,0,1,18,17,2,36,2,1,50.0,1,50.0,23,79,44,0,1,0,0,1,28,2
556,Tommaso Pobega,it ITA,MF,Milan,24,1999,1.7,62,3,15,26,21,8,62,1,1,100.0,0,0.0,32,85,45,2,0,0,2,1,34,6
557,Matteo Politano,it ITA,FW,Napoli,29,1993,6.4,337,6,47,126,175,14,337,22,6,27.3,9,40.9,225,1734,755,21,16,5,4,9,255,52
558,Nick Pope,eng ENG,GK,Newcastle Utd,31,1992,5.0,151,130,151,0,0,0,151,0,0,0.0,0,0.0,66,453,253,0,0,0,0,0,33,0
559,Yussuf Poulsen,dk DEN,"FW,MF",RB Leipzig,29,1994,3.7,101,0,16,49,37,8,101,6,4,66.7,2,33.3,63,278,128,3,1,1,4,3,74,12
560,Ivan Provedel,it ITA,GK,Lazio,29,1994,8.0,260,226,256,3,1,1,260,0,0,0.0,0,0.0,168,753,386,0,0,0,1,0,152,0
561,Christian Pulisic,us USA,FW,Milan,24,1998,4.9,228,1,22,84,126,19,228,17,6,35.3,10,58.8,152,1127,447,14,9,2,13,6,151,44
562,Anthony Racioppi,ch SUI,GK,Young Boys,24,1998,5.0,238,182,238,0,0,0,238,0,0,0.0,0,0.0,134,650,497,0,0,0,1,0,123,0
563,Ivan Rakitić,hr CRO,MF,Sevilla,35,1988,5.1,355,8,52,204,102,3,355,3,1,33.3,2,66.7,203,995,452,5,8,1,5,6,205,12
564,Yaroslav Rakitskiy,ua UKR,DF,Shakhtar,33,1989,3.8,270,57,166,103,2,1,270,1,0,0.0,1,100.0,197,906,416,0,1,0,1,2,194,0
565,André Ramalho,br BRA,DF,PSV Eindhoven,31,1992,4.7,334,39,181,146,8,4,334,0,0,0.0,0,0.0,216,1179,711,1,0,0,1,0,228,0
566,Gonçalo Ramos,pt POR,FW,Paris S-G,22,2001,2.4,91,2,11,45,35,11,91,4,0,0.0,3,75.0,70,250,85,1,1,0,3,1,64,15
567,Sergio Ramos,es ESP,DF,Sevilla,37,1986,5.0,369,35,166,184,20,12,368,1,1,100.0,0,0.0,243,1274,664,3,2,0,2,0,261,1
568,Aaron Ramsdale,eng ENG,GK,Arsenal,25,1998,1.0,41,30,40,1,0,0,41,0,0,0.0,0,0.0,21,92,59,0,0,0,0,0,23,0
569,Raphinha,br BRA,FW,Barcelona,26,1996,5.2,257,2,30,83,148,35,257,20,8,40.0,9,45.0,172,1081,572,30,8,15,4,8,174,55
570,Marcus Rashford,eng ENG,FW,Manchester Utd,25,1997,3.2,151,3,18,46,92,12,151,16,9,56.3,7,43.8,95,714,299,13,8,6,8,3,125,33
572,Giacomo Raspadori,it ITA,"FW,MF",Napoli,23,2000,2.8,127,2,12,46,69,9,127,4,2,50.0,1,25.0,76,482,180,6,3,2,7,2,90,21
573,Petar Ratkov,rs SRB,FW,RB Salzburg,19,2003,2.4,66,3,6,30,30,15,66,2,0,0.0,2,100.0,30,168,85,4,2,2,3,2,40,15
574,David Raum,de GER,DF,RB Leipzig,25,1998,7.0,486,27,154,168,168,9,486,3,0,0.0,3,100.0,258,1193,567,12,6,1,4,2,276,36
575,David Raya,es ESP,GK,Arsenal,27,1995,9.3,311,226,302,10,0,0,311,0,0,0.0,0,0.0,232,1090,505,0,0,0,2,0,171,0
576,Sergio Reguilón,es ESP,DF,Manchester Utd,26,1996,1.7,114,1,24,52,39,4,114,3,3,100.0,0,0.0,63,295,165,4,3,1,3,1,69,11
577,Tijjani Reijnders,nl NED,MF,Milan,25,1998,5.3,256,12,56,130,72,6,256,11,9,81.8,1,9.1,176,1257,609,13,13,4,5,6,184,13
578,Álex Remiro,es ESP,GK,Real Sociedad,28,1995,8.0,273,226,272,1,0,0,273,1,0,0.0,0,0.0,180,953,443,0,0,0,1,0,145,0
579,Marco Reus,de GER,"MF,FW",Dortmund,34,1989,5.4,247,14,50,102,97,17,246,5,3,60.0,1,20.0,128,633,268,7,7,2,13,5,135,21
580,Gio Reyna,us USA,"FW,MF",Dortmund,20,2002,0.2,14,2,3,5,6,1,14,1,1,100.0,0,0.0,8,42,22,1,0,0,1,2,8,1
581,Declan Rice,eng ENG,MF,Arsenal,24,1999,9.3,697,28,156,429,121,8,697,21,16,76.2,5,23.8,475,3025,1577,25,17,0,11,3,501,10
582,Rodrigo Riquelme,es ESP,DF,Atlético Madrid,23,2000,3.5,215,4,41,70,111,24,215,24,12,50.0,10,41.7,135,1208,718,26,18,12,8,3,149,32
583,Dmytro Riznyk,ua UKR,GK,Shakhtar,24,1999,6.0,224,203,223,1,0,0,224,1,1,100.0,0,0.0,160,671,396,0,0,0,1,0,114,0
584,Sergi Roberto,es ESP,MF,Barcelona,31,1992,2.3,159,10,27,79,54,10,159,1,1,100.0,0,0.0,81,322,164,3,6,0,4,0,112,9
585,Milan Rodić,rs SRB,DF,Red Star,32,1991,4.6,218,24,78,99,42,3,218,2,2,100.0,0,0.0,76,340,198,5,2,0,3,2,107,11
586,Rodri,es ESP,MF,Manchester City,27,1996,7.7,989,15,130,592,273,25,989,14,10,71.4,4,28.6,623,3599,2236,39,34,7,4,5,863,21
587,Rodrygo,br BRA,FW,Real Madrid,22,2001,11.2,504,11,41,190,280,62,504,45,18,40.0,23,51.1,373,2310,1257,49,28,22,17,13,399,82
588,Alessio Romagnoli,it ITA,DF,Lazio,28,1995,6.0,410,62,220,183,9,5,410,0,0,0.0,0,0.0,241,1134,529,0,1,0,0,1,296,1
589,Oriol Romeu,es ESP,MF,Barcelona,31,1991,3.8,269,9,43,188,39,4,269,4,2,50.0,1,25.0,168,704,369,4,4,0,3,3,209,6
590,Jérôme Roussillon,fr FRA,DF,Union Berlin,30,1993,2.9,147,13,53,56,41,2,147,6,3,50.0,3,50.0,72,303,164,8,4,0,3,2,81,14
591,Nicolò Rovella,it ITA,MF,Lazio,21,2001,1.5,116,0,28,75,13,0,116,0,0,0.0,0,0.0,62,193,75,0,0,0,2,0,79,1
592,Amir Rrahmani,xk KVX,DF,Napoli,29,1994,6.1,502,82,243,241,19,7,502,3,2,66.7,1,33.3,289,1406,821,5,4,0,4,0,345,0
593,Donat Rrudhani,xk KVX,MF,Young Boys,24,1999,0.1,4,0,0,1,3,0,4,0,0,0.0,0,0.0,2,6,4,0,0,0,1,0,2,1
594,Antonio Rüdiger,de GER,DF,Real Madrid,30,1993,11.6,738,105,389,333,20,7,738,2,1,50.0,1,50.0,511,2026,1265,0,5,0,1,1,559,0
595,Mário Rui,pt POR,DF,Napoli,32,1991,2.4,227,7,46,126,57,4,227,0,0,0.0,0,0.0,120,468,226,4,1,1,2,0,164,20
596,Abel Ruiz,es ESP,"FW,MF",Braga,23,2000,2.4,69,0,1,24,44,16,69,0,0,0.0,0,0.0,43,216,87,2,0,1,1,2,59,22
598,Fabián Ruiz Peña,es ESP,MF,Paris S-G,27,1996,6.9,486,11,81,264,144,20,486,9,8,88.9,1,11.1,392,1816,781,14,6,1,10,5,366,31
599,Julian Ryerson,no NOR,DF,Dortmund,25,1997,10.0,644,37,219,299,138,10,644,32,14,43.8,12,37.5,386,2393,1192,25,20,1,13,10,378,39
600,Frederik Rønnow,dk DEN,GK,Union Berlin,30,1992,6.0,216,176,215,1,0,0,216,0,0,0.0,0,0.0,111,597,447,0,0,0,0,0,92,0
601,Serdar Saatçı,tr TUR,DF,Braga,20,2003,3.6,218,21,111,102,6,3,218,1,1,100.0,0,0.0,140,647,198,0,2,0,3,0,149,0
602,Marcel Sabitzer,at AUT,MF,Dortmund,29,1994,10.3,406,32,105,205,102,25,406,7,4,57.1,1,14.3,228,1167,540,16,5,3,16,9,245,35
603,Umar Sadiq,ng NGA,FW,Real Sociedad,26,1997,1.1,36,1,2,16,21,5,36,7,4,57.1,3,42.9,27,185,48,1,4,1,10,3,27,5
604,Ismael Saibari,ma MAR,MF,PSV Eindhoven,22,2001,3.5,155,7,30,70,59,13,155,11,9,81.8,2,18.2,97,624,236,4,4,1,9,4,103,18
605,Wesley Saïd,fr FRA,"FW,MF",Lens,28,1995,0.6,24,0,3,13,8,5,24,1,1,100.0,0,0.0,18,122,45,2,0,0,1,0,17,2
606,Bukayo Saka,eng ENG,FW,Arsenal,21,2001,8.0,387,5,34,131,229,47,387,30,10,33.3,15,50.0,266,1757,998,41,18,17,20,16,280,89
607,Kike Salas,es ESP,DF,Sevilla,21,2002,1.8,130,8,41,74,16,2,130,1,1,100.0,0,0.0,75,370,143,2,1,0,3,1,74,4
608,William Saliba,fr FRA,DF,Arsenal,22,2001,10.0,854,59,300,529,33,3,854,3,2,66.7,1,33.3,606,2707,1323,4,6,0,6,2,645,1
609,Brice Samba,fr FRA,GK,Lens,29,1994,6.0,227,185,223,4,0,0,227,0,0,0.0,0,0.0,163,915,453,0,0,0,0,0,116,0
610,Alexis Sánchez,cl CHI,FW,Inter,34,1988,3.7,138,1,14,64,61,11,137,5,2,40.0,1,20.0,74,340,105,1,5,1,11,10,88,20
611,Davinson Sánchez,co COL,DF,Galatasaray,27,1996,4.0,300,27,126,153,24,3,300,3,2,66.7,1,33.3,181,1077,746,8,6,1,2,0,187,0
612,Juanlu Sánchez,es ESP,DF,Sevilla,19,2003,3.6,227,10,71,92,68,2,227,12,4,33.3,6,50.0,114,634,291,7,8,0,3,4,114,17
613,Jadon Sancho,eng ENG,FW,Dortmund,23,2000,6.2,360,6,43,144,184,21,360,55,26,47.3,27,49.1,262,1838,809,27,16,11,15,14,262,60
614,Leroy Sané,de GER,FW,Bayern Munich,27,1996,10.2,452,0,37,158,268,53,452,53,35,66.0,17,32.1,318,2504,1311,48,34,17,21,28,353,113
615,Zaidu Sanusi,ng NGA,DF,Porto,26,1997,3.4,210,9,60,95,56,4,210,5,2,40.0,2,40.0,114,419,229,2,2,0,10,0,122,17
616,Bouna Sarr,sn SEN,DF,Bayern Munich,31,1992,0.1,8,1,2,4,3,0,8,0,0,0.0,0,0.0,6,27,6,0,0,0,0,0,5,0
617,Leo Sauer,sk SVK,"MF,FW",Feyenoord,17,2005,0.2,14,0,1,2,11,2,14,2,1,50.0,1,50.0,13,80,37,1,1,1,0,0,13,5
618,Stefan Savić,me MNE,DF,Atlético Madrid,32,1991,4.6,331,31,188,136,7,3,331,0,0,0.0,0,0.0,207,777,378,1,1,0,1,0,243,0
619,Liam Scales,ie IRL,DF,Celtic,24,1998,6.0,638,88,385,237,18,3,638,2,1,50.0,0,0.0,438,1983,923,1,3,0,2,0,504,0
620,Fabian Schär,ch SUI,DF,Newcastle Utd,31,1991,6.0,347,45,168,159,23,3,347,2,0,0.0,2,100.0,214,1217,691,5,7,0,3,2,234,2
621,Alexander Schlager,at AUT,GK,RB Salzburg,27,1996,6.0,276,227,274,2,0,0,276,0,0,0.0,0,0.0,194,732,310,0,0,0,0,0,146,0
622,Xaver Schlager,at AUT,MF,RB Leipzig,25,1997,6.9,414,26,125,231,70,5,414,9,5,55.6,3,33.3,255,1297,766,12,12,2,10,3,276,3
624,Nico Schlotterbeck,de GER,DF,Dortmund,23,1999,10.8,796,138,411,361,30,9,796,6,2,33.3,3,50.0,525,2811,1659,13,12,1,11,5,531,3
625,Jerdy Schouten,nl NED,"MF,DF",PSV Eindhoven,26,1997,6.9,424,26,131,238,56,1,424,11,6,54.5,5,45.5,260,1107,537,2,9,0,6,5,277,3
626,Nicolas Seiwald,at AUT,MF,RB Leipzig,22,2001,3.0,111,10,42,57,14,0,111,2,1,50.0,1,50.0,50,208,102,4,3,0,1,0,58,1
627,Benjamin Šeško,si SVN,FW,RB Leipzig,20,2003,4.5,145,3,15,68,62,14,145,10,5,50.0,5,50.0,93,399,180,7,3,3,15,8,112,22
628,Luke Shaw,eng ENG,DF,Manchester Utd,28,1995,1.5,82,5,23,38,21,3,82,0,0,0.0,0,0.0,34,193,101,2,1,0,4,0,37,4
629,Maryan Shved,ua UKR,FW,Shakhtar,26,1997,0.1,2,0,0,1,1,0,2,0,0,0.0,0,0.0,1,4,0,0,0,0,1,0,1,0
630,Danylo Sikan,ua UKR,FW,Shakhtar,22,2001,5.3,161,10,29,79,55,17,161,14,6,42.9,8,57.1,95,494,167,4,1,2,12,10,96,18
631,André Silva,pt POR,FW,Real Sociedad,27,1995,1.0,44,2,4,20,20,7,44,4,2,50.0,2,50.0,30,164,67,2,1,1,4,3,31,9
632,António Silva,pt POR,DF,Benfica,19,2003,3.1,156,25,99,53,5,1,156,4,2,50.0,0,0.0,82,559,321,3,2,0,2,1,90,0
633,Bernardo Silva,pt POR,"FW,MF",Manchester City,28,1994,5.9,422,3,28,138,257,46,422,11,3,27.3,6,54.5,253,1565,896,29,16,9,8,10,337,72
634,Rafa Silva,pt POR,"MF,FW",Benfica,30,1993,5.6,240,0,19,101,123,22,240,15,4,26.7,9,60.0,152,927,413,13,12,4,10,15,183,32
635,Mohamed Simakan,fr FRA,DF,RB Leipzig,23,2000,6.6,387,71,208,133,49,9,387,3,1,33.3,1,33.3,212,1032,536,5,4,0,3,0,241,9
636,Giovanni Simeone,ar ARG,FW,Napoli,28,1995,1.1,50,0,5,25,21,9,50,4,1,25.0,3,75.0,25,86,26,2,1,1,4,1,31,11
637,Roko Simic,hr CRO,FW,RB Salzburg,19,2003,3.8,100,3,15,36,51,18,99,9,3,33.3,5,55.6,64,308,112,2,3,1,7,5,65,19
638,Xavi Simons,nl NED,"MF,FW",RB Leipzig,20,2003,6.6,385,3,52,191,152,17,385,25,15,60.0,3,12.0,271,1966,1102,27,21,7,21,9,279,38
639,Leo Skiri Østigård,no NOR,DF,Napoli,23,1999,2.1,124,28,74,46,6,5,124,1,1,100.0,0,0.0,66,313,159,0,0,0,1,1,79,0
640,Milan Škriniar,sk SVK,DF,Paris S-G,28,1995,6.0,542,54,222,308,13,4,542,1,0,0.0,1,100.0,429,2107,1076,1,1,0,0,1,403,1
641,Emile Smith Rowe,eng ENG,MF,Arsenal,23,2000,0.5,46,2,8,17,21,4,46,0,0,0.0,0,0.0,31,165,69,0,2,0,0,0,37,2
642,Cédric Soares,pt POR,DF,Arsenal,31,1991,0.7,41,3,16,10,15,0,41,0,0,0.0,0,0.0,12,49,22,0,1,0,1,0,22,1
643,Carlos Soler,es ESP,"MF,FW",Paris S-G,26,1997,0.1,3,0,1,2,0,0,3,0,0,0.0,0,0.0,2,10,0,0,0,0,0,0,2,1
644,Oumar Solet,fr FRA,DF,RB Salzburg,23,2000,1.7,124,5,59,59,6,0,124,0,0,0.0,0,0.0,89,580,338,3,2,0,2,0,86,0
645,Yann Sommer,ch SUI,GK,Inter,34,1988,7.3,336,292,336,0,0,0,336,0,0,0.0,0,0.0,194,940,489,0,0,0,1,0,218,0
646,Florian Sotoca,fr FRA,MF,Lens,32,1990,5.2,272,9,41,156,75,11,272,6,2,33.3,2,33.3,197,1000,345,4,4,2,11,10,207,24
647,Boubakary Soumaré,fr FRA,MF,Sevilla,24,1999,2.4,171,8,49,106,16,0,171,4,3,75.0,1,25.0,114,690,379,4,7,0,1,3,127,4
648,Djibril Sow,ch SUI,MF,Sevilla,26,1997,4.1,175,6,39,110,28,6,175,4,0,0.0,3,75.0,110,606,288,2,4,0,4,3,118,4
650,Çağlar Söyüncü,tr TUR,DF,Atlético Madrid,27,1996,0.7,58,13,33,22,3,1,58,0,0,0.0,0,0.0,40,153,48,0,0,0,0,0,52,0
651,Uroš Spajić,rs SRB,DF,Red Star,30,1993,0.7,16,2,12,4,0,0,16,0,0,0.0,0,0.0,9,17,3,0,0,0,0,0,11,0
652,Marco Sportiello,it ITA,GK,Milan,31,1992,0.1,9,9,9,0,0,0,9,0,0,0.0,0,0.0,5,16,10,0,0,0,0,0,3,0
653,Marko Stamenic,nz NZL,MF,Red Star,21,2002,3.3,116,11,50,51,16,3,116,3,1,33.3,2,66.7,47,180,60,1,0,1,3,2,56,1
654,Orri Steinn Óskarsson,is ISL,FW,FC Copenhagen,18,2004,1.6,45,0,5,21,19,3,45,0,0,0.0,0,0.0,26,52,6,0,0,0,5,4,40,9
655,Calvin Stengs,nl NED,"FW,MF",Feyenoord,24,1998,5.2,308,3,15,136,163,16,308,14,12,85.7,1,7.1,201,1204,684,19,16,4,17,10,219,62
656,Taras Stepanenko,ua UKR,MF,Shakhtar,33,1989,5.5,292,31,115,141,36,4,292,0,0,0.0,0,0.0,179,653,250,3,5,1,5,0,186,3
657,John Stones,eng ENG,"DF,MF",Manchester City,29,1994,3.8,334,26,95,189,50,2,334,1,0,0.0,1,100.0,194,1163,491,5,4,0,2,2,276,4
658,Luka Sučić,hr CRO,"FW,MF",RB Salzburg,20,2002,4.4,225,9,37,122,70,3,225,13,9,69.2,4,30.8,182,1194,551,11,9,2,6,11,160,10
659,Heorhiy Sudakov,ua UKR,MF,Shakhtar,20,2002,6.0,343,10,76,183,86,11,343,12,6,50.0,6,50.0,265,1521,646,14,14,1,8,6,262,19
660,Niklas Süle,de GER,DF,Dortmund,27,1995,4.4,201,24,85,87,32,2,201,3,2,66.7,1,33.3,101,572,321,6,7,1,0,0,102,4
661,Suso,es ESP,MF,Sevilla,29,1993,0.9,37,0,7,17,15,0,37,2,1,50.0,1,50.0,28,242,134,5,3,0,4,1,26,4
662,Mahamadou Susoho,es ESP,MF,Manchester City,18,2005,0.2,16,0,3,11,2,0,16,0,0,0.0,0,0.0,12,50,14,0,0,0,0,1,15,0
663,Christian Sørensen,dk DEN,DF,FC Copenhagen,30,1992,0.5,60,1,8,24,28,3,60,0,0,0.0,0,0.0,31,80,37,0,0,0,0,0,42,6
664,Mehdi Taremi,ir IRN,FW,Porto,31,1992,6.1,223,9,26,106,93,38,223,8,3,37.5,4,50.0,132,564,254,8,5,3,14,3,149,32
665,Matt Targett,eng ENG,DF,Newcastle Utd,27,1995,0.2,30,0,3,13,14,1,30,0,0,0.0,0,0.0,10,73,53,1,2,0,0,0,19,2
666,Greg Taylor,sct SCO,DF,Celtic,25,1997,6.0,513,17,165,279,73,3,513,10,3,30.0,5,50.0,272,1173,596,7,2,0,11,3,331,17
667,Aurélien Tchouaméni,fr FRA,"MF,DF",Real Madrid,23,2000,6.7,469,33,137,280,53,5,469,0,0,0.0,0,0.0,347,1585,762,3,5,0,4,1,374,2
668,Mathys Tel,fr FRA,"FW,MF",Bayern Munich,18,2005,1.6,106,1,8,41,63,15,106,15,11,73.3,4,26.7,82,664,319,9,4,3,12,5,79,19
669,Casper Tengstedt,dk DEN,FW,Benfica,23,2000,1.5,40,1,1,12,28,8,40,3,0,0.0,3,100.0,32,227,68,6,1,5,5,5,32,10
670,Marc-André ter Stegen,de GER,GK,Barcelona,31,1992,8.0,309,242,306,4,0,0,309,1,1,100.0,0,0.0,218,1098,741,0,0,0,0,0,182,0
671,Aleksa Terzić,rs SRB,DF,RB Salzburg,23,1999,2.0,117,1,38,41,40,1,117,3,0,0.0,2,66.7,73,473,270,7,6,0,2,1,57,21
672,Tetê,br BRA,FW,Galatasaray,23,2000,2.5,157,2,18,59,81,6,157,14,4,28.6,8,57.1,99,552,211,9,4,1,4,7,106,24
673,Jordan Teze,nl NED,DF,PSV Eindhoven,23,1999,8.0,514,14,141,278,99,6,514,4,1,25.0,2,50.0,282,1197,540,8,7,0,6,2,306,17
674,Odin Thiago Holm,no NOR,MF,Celtic,20,2003,0.6,17,2,8,8,2,0,17,3,2,66.7,1,33.3,9,88,12,0,0,0,0,0,9,0
676,Malick Thiaw,de GER,DF,Milan,21,2001,4.1,213,36,119,84,11,4,213,0,0,0.0,0,0.0,135,678,387,1,1,0,3,1,134,0
677,Adrien Thomasson,fr FRA,MF,Lens,29,1993,2.5,126,2,16,66,45,12,126,1,0,0.0,1,100.0,87,508,222,4,3,2,3,2,88,11
678,Marcus Thuram,fr FRA,FW,Inter,25,1997,5.1,160,3,18,86,66,21,160,25,12,48.0,10,40.0,92,843,513,17,15,5,15,9,112,26
679,Kieran Tierney,sct SCO,DF,Real Sociedad,26,1997,0.7,47,1,11,25,11,1,47,0,0,0.0,0,0.0,24,58,27,1,1,1,2,0,23,3
680,Guus Til,nl NED,MF,PSV Eindhoven,25,1997,2.0,54,2,6,22,26,6,54,2,1,50.0,1,50.0,32,151,99,3,1,1,2,3,35,5
681,Malik Tillman,us USA,MF,PSV Eindhoven,21,2002,5.6,276,8,34,136,111,18,276,20,6,30.0,14,70.0,178,943,362,11,4,7,23,16,181,27
682,Quinten Timber,nl NED,MF,Feyenoord,22,2001,5.1,205,2,15,114,81,15,205,18,7,38.9,7,38.9,114,783,474,20,17,4,6,6,132,19
683,Takehiro Tomiyasu,jp JPN,DF,Arsenal,24,1998,4.3,275,4,50,145,81,7,275,3,2,66.7,1,33.3,176,907,348,8,3,1,4,2,180,10
684,Fikayo Tomori,eng ENG,DF,Milan,25,1997,6.0,325,52,169,145,12,5,325,0,0,0.0,0,0.0,198,1128,675,1,1,0,1,3,198,2
685,Sandro Tonali,it ITA,MF,Newcastle Utd,23,2000,1.8,63,1,10,25,29,1,63,2,0,0.0,2,100.0,42,260,120,5,5,0,7,0,45,10
686,Lucas Torreira,uy URU,MF,Galatasaray,27,1996,5.5,373,21,82,229,68,5,373,6,4,66.7,1,16.7,231,894,364,3,6,1,6,1,226,12
687,Ferrán Torres,es ESP,FW,Barcelona,23,2000,4.2,204,2,16,66,122,19,204,8,4,50.0,3,37.5,131,571,188,9,5,6,14,8,163,43
688,Óliver Torres,es ESP,"FW,MF",Sevilla,28,1994,1.1,75,0,5,44,27,1,75,1,0,0.0,1,100.0,56,220,79,1,1,0,2,0,57,8
689,Lucas Tousart,fr FRA,MF,Union Berlin,26,1997,2.6,102,7,35,53,14,4,102,2,0,0.0,2,100.0,48,240,102,2,2,0,7,2,51,4
690,Chaka Traorè,ci CIV,MF,Milan,18,2004,0.2,8,0,0,3,5,2,8,0,0,0.0,0,0.0,6,22,11,1,1,0,1,0,7,3
691,Hamari Traoré,ml MLI,DF,Real Sociedad,31,1992,5.9,417,15,82,245,93,5,417,8,6,75.0,1,12.5,232,914,385,7,8,2,4,3,217,18
692,Gernot Trauner,at AUT,DF,Feyenoord,31,1992,3.1,332,35,167,158,8,3,332,0,0,0.0,0,0.0,224,793,372,0,2,0,1,1,278,2
693,Christopher Trimmel,at AUT,"FW,DF",Union Berlin,36,1987,1.4,82,4,16,36,30,0,82,0,0,0.0,0,0.0,32,84,50,0,2,0,1,1,33,4
694,Kieran Trippier,eng ENG,DF,Newcastle Utd,32,1990,5.7,452,20,120,209,129,5,452,11,3,27.3,8,72.7,219,1002,527,9,6,0,3,1,252,30
695,Leandro Trossard,be BEL,FW,Arsenal,28,1994,5.9,220,7,27,75,118,25,220,15,4,26.7,8,53.3,154,862,350,13,11,4,15,9,169,40
696,Anatolii Trubin,ua UKR,GK,Benfica,21,2001,6.0,215,200,215,0,0,0,215,0,0,0.0,0,0.0,111,452,282,0,0,0,0,0,83,0
697,David Turnbull,sct SCO,"MF,FW",Celtic,24,1999,0.4,16,1,4,11,1,0,16,1,0,0.0,1,100.0,5,88,16,0,0,0,1,0,8,1
698,Beñat Turrientes,es ESP,MF,Real Sociedad,21,2002,2.1,117,6,17,54,48,10,117,8,5,62.5,2,25.0,86,433,159,4,4,0,1,3,80,11
699,Ayase Ueda,jp JPN,FW,Feyenoord,24,1998,1.7,48,0,0,17,31,17,48,1,0,0.0,1,100.0,28,147,71,5,2,3,4,0,37,12
700,Manuel Ugarte Ribeiro,uy URU,MF,Paris S-G,22,2001,4.3,300,10,66,185,50,0,300,5,1,20.0,3,60.0,247,1146,333,4,4,0,7,6,226,2
702,Filip Ugrinic,ch SUI,MF,Young Boys,24,1999,5.7,276,12,56,135,92,4,276,12,5,41.7,7,58.3,143,892,382,11,10,1,9,4,175,18
703,Andreas Ulmer,at AUT,DF,RB Salzburg,37,1985,2.4,124,7,28,57,39,4,124,1,0,0.0,1,100.0,62,292,179,3,2,0,1,1,59,7
704,Sven Ulreich,de GER,GK,Bayern Munich,34,1988,3.0,144,118,144,0,0,0,144,0,0,0.0,0,0.0,99,302,163,0,0,0,0,0,99,0
705,Dayot Upamecano,fr FRA,DF,Bayern Munich,24,1998,5.5,588,44,225,341,27,5,588,0,0,0.0,0,0.0,422,2278,1420,6,9,0,2,0,474,0
706,Anthony Valencia,ec ECU,"MF,FW",Antwerp,20,2003,0.4,18,0,0,9,11,1,18,1,0,0.0,1,100.0,14,57,13,0,2,0,3,2,13,5
707,Federico Valverde,uy URU,"MF,FW",Real Madrid,25,1998,11.9,738,29,153,416,182,17,738,16,10,62.5,5,31.3,508,2768,1225,27,20,2,7,5,547,35
708,Zeno Van den Bosch,be BEL,DF,Antwerp,20,2003,1.0,51,8,27,26,0,0,51,0,0,0.0,0,0.0,29,105,27,0,0,0,0,0,31,0
709,Raphaël Varane,fr FRA,DF,Manchester Utd,30,1993,3.7,268,30,113,152,6,0,268,1,0,0.0,0,0.0,175,950,469,3,3,0,1,1,189,0
710,Alan Varela,ar ARG,MF,Porto,22,2001,7.8,430,27,88,294,52,2,430,5,3,60.0,2,40.0,273,1134,407,1,4,0,2,3,274,4
711,Denis Vavro,sk SVK,DF,FC Copenhagen,27,1996,7.9,484,82,277,180,27,5,484,0,0,0.0,0,0.0,246,1089,604,2,1,0,1,0,292,1
712,Lucas Vázquez,es ESP,DF,Real Madrid,32,1991,4.2,352,10,77,147,128,12,352,6,2,33.3,2,33.3,256,943,420,13,9,8,5,1,277,45
713,Matías Vecino,uy URU,MF,Lazio,31,1991,5.2,301,21,81,185,35,4,301,1,1,100.0,0,0.0,151,654,290,4,3,0,5,0,210,6
714,Joey Veerman,nl NED,MF,PSV Eindhoven,24,1998,6.4,516,26,121,262,137,3,516,7,6,85.7,1,14.3,292,1430,607,8,12,1,3,2,322,9
715,Arthur Vermeeren,be BEL,MF,Antwerp,18,2005,6.0,271,17,66,147,60,10,271,8,6,75.0,1,12.5,167,811,440,8,4,0,8,4,156,8
716,Yorbe Vertessen,be BEL,FW,PSV Eindhoven,22,2001,1.8,74,2,7,22,45,10,74,11,4,36.4,4,36.4,54,400,254,9,6,2,4,3,54,22
717,Fabio Vieira,pt POR,FW,Arsenal,23,2000,1.0,59,0,6,27,26,3,59,2,1,50.0,0,0.0,50,268,115,3,1,0,1,1,47,13
718,Vitinha,pt POR,MF,Paris S-G,23,2000,10.2,824,27,140,440,256,13,824,18,11,61.1,6,33.3,649,3428,1700,22,21,4,5,9,607,24
719,Kevin Volland,de GER,"FW,MF",Union Berlin,31,1992,2.6,72,0,7,38,27,5,72,3,1,33.3,2,66.7,43,141,38,1,0,0,5,4,53,15
720,Stefan de Vrij,nl NED,DF,Inter,31,1992,5.5,485,64,257,219,9,4,485,2,1,50.0,1,50.0,281,1297,721,6,1,0,1,0,343,2
721,Elye Wahi,fr FRA,FW,Lens,20,2003,5.1,124,2,5,57,66,22,124,24,5,20.8,15,62.5,91,629,265,11,11,7,7,6,92,35
722,Kyle Walker,eng ENG,DF,Manchester City,33,1990,5.6,537,8,97,331,111,4,537,1,1,100.0,0,0.0,290,1236,672,8,10,1,3,1,411,18
723,Aaron Wan-Bissaka,eng ENG,DF,Manchester Utd,25,1997,2.4,150,14,59,64,29,3,150,5,2,40.0,3,60.0,75,459,186,3,3,2,6,2,78,4
724,Timon Wellenreuther,de GER,GK,Feyenoord,27,1995,2.0,73,59,72,0,1,0,73,0,0,0.0,0,0.0,51,246,132,0,0,0,0,0,47,0
725,Stephen Welsh,sct SCO,DF,Celtic,23,2000,0.8,66,8,41,25,0,0,66,0,0,0.0,0,0.0,40,150,83,0,0,0,0,0,44,0
726,Wendell,br BRA,DF,Porto,30,1993,4.3,246,20,102,98,47,4,246,10,5,50.0,3,30.0,140,719,377,7,4,1,3,1,124,12
728,Timo Werner,de GER,"FW,MF",RB Leipzig,27,1996,0.6,31,2,8,7,16,5,31,0,0,0.0,0,0.0,26,124,65,3,1,2,2,0,28,5
729,Ben White,eng ENG,DF,Arsenal,25,1997,8.4,587,17,100,332,157,14,587,4,3,75.0,1,25.0,336,1286,581,6,8,2,5,4,379,31
730,Mats Wieffer,nl NED,MF,Feyenoord,23,1999,5.2,412,8,91,254,72,7,412,12,9,75.0,3,25.0,249,996,470,4,3,0,5,6,274,8
731,Owen Wijndal,nl NED,DF,Antwerp,23,1999,5.0,258,23,91,106,64,6,258,2,0,0.0,2,100.0,139,656,316,8,7,1,10,4,147,24
732,Joe Willock,eng ENG,MF,Newcastle Utd,23,1999,1.1,55,1,5,28,24,2,55,6,0,0.0,6,100.0,38,255,161,4,4,0,1,1,41,6
733,Callum Wilson,eng ENG,FW,Newcastle Utd,31,1992,2.7,40,0,3,16,23,7,40,3,0,0.0,3,100.0,21,89,12,0,0,0,5,4,28,8
734,Axel Witsel,be BEL,"DF,MF",Atlético Madrid,34,1989,9.8,641,95,315,289,39,5,641,3,1,33.3,2,66.7,408,1550,686,2,5,0,1,1,473,0
735,Marius Wolf,de GER,"DF,FW",Dortmund,28,1995,3.2,161,17,63,53,47,6,161,5,1,20.0,3,60.0,79,522,200,9,4,1,6,3,78,15
736,Jacob Wright,eng ENG,FW,Manchester City,17,2005,0.0,8,0,0,7,1,0,8,0,0,0.0,0,0.0,3,14,7,0,0,0,0,0,7,0
737,Lamine Yamal,es ESP,FW,Barcelona,16,2007,6.4,359,6,33,100,235,41,359,45,23,51.1,14,31.1,252,1651,915,32,16,17,14,8,264,76
738,Alhassan Yusuf,ng NGA,MF,Antwerp,23,2000,4.2,226,9,56,123,49,7,226,11,3,27.3,7,63.6,139,740,365,6,11,1,3,4,136,11
739,Mattia Zaccagni,it ITA,FW,Lazio,28,1995,5.1,239,2,31,119,93,6,239,18,8,44.4,6,33.3,167,1018,515,11,7,5,11,4,191,61
740,Wilfried Zaha,ci CIV,FW,Galatasaray,30,1992,4.4,164,1,18,68,83,17,164,26,10,38.5,10,38.5,128,761,344,13,10,4,15,14,123,33
741,Warren Zaïre-Emery,fr FRA,MF,Paris S-G,17,2006,10.0,607,14,102,304,211,18,607,22,10,45.5,9,40.9,493,2689,1287,30,34,5,17,17,462,25
742,Arsen Zakharyan,ru RUS,"FW,MF",Real Sociedad,20,2003,2.4,146,4,11,55,81,5,146,5,1,20.0,3,60.0,100,358,160,5,4,1,3,2,96,19
743,Rodrigo Zalazar,uy URU,MF,Braga,23,1999,4.4,345,7,50,217,83,4,345,12,6,50.0,4,33.3,226,1274,563,7,5,1,7,4,233,6
744,Andre-Frank Zambo Anguissa,cm CMR,MF,Napoli,27,1995,7.0,447,13,79,261,113,15,447,9,6,66.7,2,22.2,266,1130,544,11,7,1,8,11,335,21
745,Alessandro Zanoli,it ITA,DF,Napoli,22,2000,0.0,9,0,1,5,3,1,9,3,1,33.3,2,66.7,6,38,8,1,0,1,0,0,6,3
746,Ramiz Zerrouki,dz ALG,MF,Feyenoord,25,1998,3.9,271,6,66,162,44,3,271,6,5,83.3,1,16.7,160,761,376,4,3,0,3,2,195,1
747,Piotr Zieliński,pl POL,MF,Napoli,29,1994,5.2,348,5,41,187,121,17,347,13,5,38.5,7,53.8,208,1156,616,14,14,1,4,0,272,17
748,Oleksandr Zinchenko,ua UKR,DF,Arsenal,26,1996,3.1,279,7,73,162,48,1,279,2,0,0.0,2,100.0,195,1250,742,9,10,0,2,2,191,5
749,Hakim Ziyech,ma MAR,FW,Galatasaray,30,1993,2.8,178,1,17,74,91,5,178,9,3,33.3,5,55.6,132,551,203,5,3,1,11,4,136,35
750,Igor Zubeldia,es ESP,DF,Real Sociedad,26,1997,7.7,501,45,219,271,15,3,501,2,1,50.0,1,50.0,335,1720,894,4,1,0,1,1,326,0
751,Martín Zubimendi,es ESP,MF,Real Sociedad,24,1999,7.9,516,25,87,349,82,14,516,7,5,71.4,2,28.6,322,1599,459,6,6,2,6,10,337,8
752,Oleksandr Zubkov,ua UKR,"FW,MF",Shakhtar,26,1996,5.9,258,8,49,107,106,20,258,10,9,90.0,1,10.0,174,1073,602,19,10,9,6,10,180,33
754,Martin Ødegaard,no NOR,MF,Arsenal,24,1998,8.3,465,2,60,222,190,28,465,16,12,75.0,4,25.0,346,1845,725,19,10,10,14,15,377,37
755,Łukasz Łakomy,pl POL,MF,Young Boys,22,2001,0.2,18,1,1,14,4,0,18,1,0,0.0,1,100.0,12,61,28,2,1,0,0,0,10,1
