,Player,Nation,Pos,Squad.2,Age,Born,90s,Gls,Sh,SoT,SoT%,Sh/90,SoT/90,G/Sh,G/SoT,FK,PK,PKatt,xG,npxG,npxG/Sh,G-xG,np:G-xG
0,Patrick van Aanholt,nl NED,"MF,DF",PSV Eindhoven,32,1990,1.1,0,2,1,50.0,1.82,0.91,0.0,0.0,0,0,0,0.2,0.2,0.08,-0.2,-0.2
4,Elias Achouri,tn TUN,"FW,MF",FC Copenhagen,24,1999,6.1,0,10,2,20.0,1.63,0.33,0.0,0.0,0,0,0,0.3,0.3,0.03,-0.3,-0.3
6,Karim Adeyemi,de GER,FW,Dortmund,21,2002,7.9,2,15,7,46.7,1.91,0.89,0.13,0.29,0,0,0,1.8,1.8,0.12,0.2,0.2
9,Manuel Akanji,ch SUI,"DF,MF",Manchester City,28,1995,7.4,2,5,2,40.0,0.68,0.27,0.4,1.0,0,0,0,1.0,1.0,0.19,1.0,1.0
10,Nathan Aké,nl NED,"DF,MF",Manchester City,28,1995,4.3,0,4,2,50.0,0.94,0.47,0.0,0.0,0,0,0,0.9,0.9,0.23,-0.9,-0.9
11,Kerem Aktürkoğlu,tr TUR,"MF,FW",Galatasaray,24,1998,4.9,2,18,6,33.3,3.68,1.23,0.11,0.33,0,0,0,2.1,2.1,0.12,-0.1,-0.1
13,Luis Alberto,es ESP,MF,Lazio,30,1992,7.1,0,14,3,21.4,1.96,0.42,0.0,0.0,1,0,0,0.9,0.9,0.06,-0.9,-0.9
14,Toby Alderweireld,be BEL,DF,Antwerp,34,1989,5.0,0,9,4,44.4,1.8,0.8,0.0,0.0,1,0,1,1.5,0.8,0.09,-1.5,-0.8
15,Mohamed Ali Cho,fr FRA,"FW,MF",Real Sociedad,19,2004,1.5,0,1,1,100.0,0.69,0.69,0.0,0.0,0,0,0,0.0,0.0,0.0,0.0,0.0
16,Miguel Almirón,py PAR,FW,Newcastle Utd,29,1994,4.6,1,12,3,25.0,2.62,0.65,0.08,0.33,0,0,0,1.4,1.4,0.12,-0.4,-0.4
17,Marcos Alonso,es ESP,"DF,FW",Barcelona,32,1990,1.5,0,1,1,100.0,0.65,0.65,0.0,0.0,1,0,0,0.0,0.0,0.0,0.0,0.0
19,Julián Álvarez,ar ARG,"MF,FW",Manchester City,23,2000,3.1,5,15,10,66.7,4.79,3.19,0.33,0.5,1,0,0,1.7,1.7,0.12,3.3,3.3
21,Aurele Amenda,ch SUI,DF,Young Boys,20,2003,3.5,0,2,1,50.0,0.57,0.29,0.0,0.0,0,0,0,0.1,0.1,0.04,-0.1,-0.1
22,Sofyan Amrabat,ma MAR,"MF,DF",Manchester Utd,26,1996,3.6,0,1,1,100.0,0.28,0.28,0.0,0.0,0,0,0,0.1,0.1,0.05,-0.1,-0.1
24,Felipe Anderson,br BRA,FW,Lazio,30,1993,6.0,0,9,1,11.1,1.49,0.17,0.0,0.0,0,0,0,0.6,0.6,0.07,-0.6,-0.6
30,Ronald Araújo,uy URU,DF,Barcelona,24,1999,7.3,0,6,1,16.7,0.82,0.14,0.0,0.0,1,0,0,0.9,0.9,0.15,-0.9,-0.9
32,Marko Arnautović,at AUT,FW,Inter,34,1989,2.1,2,7,3,42.9,3.28,1.41,0.29,0.67,0,0,0,2.9,2.9,0.41,-0.9,-0.9
34,Marco Asensio,es ESP,"FW,MF",Paris S-G,27,1996,1.4,0,8,3,37.5,5.81,2.18,0.0,0.0,1,0,0,0.4,0.4,0.05,-0.4,-0.4
35,Kristjan Asllani,al ALB,MF,Inter,21,2002,2.3,0,4,2,50.0,1.76,0.88,0.0,0.0,0,0,0,0.1,0.1,0.02,-0.1,-0.1
38,Carlos Augusto,br BRA,"DF,FW",Inter,24,1999,5.3,0,6,2,33.3,1.14,0.38,0.0,0.0,0,0,0,0.4,0.4,0.07,-0.4,-0.4
39,Yann Aurel Bisseck,de GER,DF,Inter,22,2000,1.9,0,2,1,50.0,1.05,0.52,0.0,0.0,0,0,0,0.0,0.0,0.0,0.0,0.0
40,Fredrik Aursnes,no NOR,"DF,MF",Benfica,27,1995,6.0,0,2,2,100.0,0.33,0.33,0.0,0.0,0,0,0,0.1,0.1,0.04,-0.1,-0.1
43,Irakli Azarov,ge GEO,DF,Shakhtar,21,2002,3.3,0,3,1,33.3,0.91,0.3,0.0,0.0,0,0,0,0.1,0.1,0.02,-0.1,-0.1
49,Cédric Bakambu,cd COD,FW,Galatasaray,32,1991,0.4,1,7,3,42.9,16.58,7.11,0.14,0.33,0,0,0,0.5,0.5,0.08,0.5,0.5
50,Johan Bakayoko,be BEL,FW,PSV Eindhoven,20,2003,7.2,1,24,10,41.7,3.33,1.39,0.04,0.1,0,0,0,1.2,1.2,0.05,-0.2,-0.2
53,Michel-Ange Balikwisha,be BEL,"FW,MF",Antwerp,22,2001,4.3,1,3,2,66.7,0.7,0.47,0.33,0.5,0,0,0,0.7,0.7,0.23,0.3,0.3
55,Simon Banza,cd COD,FW,Braga,26,1996,3.8,0,14,1,7.1,3.7,0.26,0.0,0.0,0,0,0,1.1,1.1,0.08,-1.1,-1.1
56,Bradley Barcola,fr FRA,"FW,DF",Paris S-G,20,2002,5.3,1,16,6,37.5,3.03,1.14,0.06,0.17,0,0,0,2.3,2.3,0.15,-1.3,-1.3
58,Roony Bardghji,se SWE,"MF,FW",FC Copenhagen,17,2005,1.6,1,4,1,25.0,2.47,0.62,0.25,1.0,0,0,0,0.5,0.5,0.11,0.5,0.5
59,Nicolò Barella,it ITA,MF,Inter,26,1997,5.2,0,6,3,50.0,1.15,0.58,0.0,0.0,0,0,0,0.9,0.9,0.14,-0.9,-0.9
62,Ander Barrenetxea,es ESP,"FW,MF",Real Sociedad,21,2001,4.4,1,9,1,11.1,2.04,0.23,0.11,1.0,0,0,0,0.5,0.5,0.05,0.5,0.5
63,Pablo Barrios,es ESP,MF,Atlético Madrid,20,2003,2.9,1,4,2,50.0,1.37,0.69,0.25,0.5,0,0,0,0.3,0.3,0.08,0.7,0.7
68,Sheraldo Becker,sr SUR,FW,Union Berlin,28,1995,4.1,2,11,6,54.5,2.71,1.48,0.18,0.33,0,0,0,1.3,1.3,0.12,0.7,0.7
71,Kevin Behrens,de GER,FW,Union Berlin,32,1991,3.3,0,6,2,33.3,1.81,0.6,0.0,0.0,0,0,0,0.9,0.9,0.16,-0.9,-0.9
73,Jude Bellingham,eng ENG,"MF,FW",Real Madrid,20,2003,11.0,4,23,7,30.4,2.09,0.64,0.17,0.57,0,0,0,3.0,3.0,0.13,1.0,1.0
75,Loris Benito,ch SUI,DF,Young Boys,31,1992,4.5,0,1,1,100.0,0.22,0.22,0.0,0.0,0,0,0,0.3,0.3,0.27,-0.3,-0.3
76,Ramy Bensebaini,dz ALG,DF,Dortmund,28,1995,4.2,0,3,1,33.3,0.72,0.24,0.0,0.0,0,0,0,0.1,0.1,0.03,-0.1,-0.1
80,Juan Bernat,es ESP,DF,Benfica,30,1993,1.2,0,1,1,100.0,0.81,0.81,0.0,0.0,0,0,0,0.1,0.1,0.11,-0.1,-0.1
84,Lewin Blum,ch SUI,DF,Young Boys,22,2001,2.4,1,4,1,25.0,1.67,0.42,0.25,1.0,0,0,0,0.1,0.1,0.02,0.9,0.9
85,Oscar Bobb,no NOR,"FW,MF",Manchester City,20,2003,2.4,1,4,2,50.0,1.65,0.83,0.25,0.5,0,0,0,0.2,0.2,0.05,0.8,0.8
86,Sacha Boey,fr FRA,DF,Galatasaray,22,2000,6.0,1,5,1,20.0,0.83,0.17,0.2,1.0,0,0,0,0.2,0.2,0.05,0.8,0.8
95,Julian Brandt,de GER,"MF,FW",Dortmund,27,1996,8.7,2,19,6,31.6,2.18,0.69,0.11,0.33,1,0,0,1.4,1.4,0.07,0.6,0.6
96,Bruma,pt POR,FW,Braga,28,1994,4.1,2,12,5,41.7,2.91,1.21,0.17,0.4,0,0,0,0.7,0.7,0.06,1.3,1.3
97,Osman Bukari,gh GHA,FW,Red Star,24,1998,5.4,2,12,2,16.7,2.22,0.37,0.17,1.0,0,0,0,1.0,1.0,0.08,1.0,1.0
98,Dan Burn,eng ENG,DF,Newcastle Utd,31,1992,3.1,1,3,1,33.3,0.97,0.32,0.33,1.0,0,0,0,0.2,0.2,0.07,0.8,0.8
100,Arthur Cabral,br BRA,"FW,DF",Benfica,25,1998,1.3,1,3,1,33.3,2.25,0.75,0.33,1.0,0,0,0,0.7,0.7,0.23,0.3,0.3
104,Hakan Çalhanoğlu,tr TUR,MF,Inter,29,1994,5.7,1,11,2,18.2,1.94,0.35,0.0,0.0,2,1,1,1.1,0.4,0.03,-0.1,-0.4
105,Eduardo Camavinga,fr FRA,MF,Real Madrid,20,2002,8.8,0,10,4,40.0,1.14,0.46,0.0,0.0,0,0,0,0.3,0.3,0.03,-0.3,-0.3
106,Emre Can,de GER,"MF,DF",Dortmund,29,1994,10.1,0,5,1,20.0,0.5,0.1,0.0,0.0,1,0,0,0.2,0.2,0.03,-0.2,-0.2
107,João Cancelo,pt POR,DF,Barcelona,29,1994,9.0,2,11,5,45.5,1.23,0.56,0.18,0.4,0,0,0,0.6,0.6,0.06,1.4,1.4
108,Nicolás Capaldo,ar ARG,"MF,DF",RB Salzburg,25,1997,2.4,0,3,2,66.7,1.27,0.85,0.0,0.0,0,0,0,0.2,0.2,0.05,-0.2,-0.2
111,Cameron Carter-Vickers,us USA,DF,Celtic,25,1997,3.3,0,2,1,50.0,0.6,0.3,0.0,0.0,0,0,0,0.1,0.1,0.06,-0.1,-0.1
112,Dani Carvajal,es ESP,DF,Real Madrid,31,1992,9.4,1,8,1,12.5,0.85,0.11,0.13,1.0,0,0,0,0.6,0.6,0.07,0.4,0.4
113,Fabio Carvalho,pt POR,MF,RB Leipzig,20,2002,1.4,0,4,1,25.0,2.93,0.73,0.0,0.0,1,0,0,0.1,0.1,0.03,-0.1,-0.1
117,Casemiro,br BRA,MF,Manchester Utd,31,1992,1.8,2,5,2,40.0,2.71,1.08,0.4,1.0,0,0,0,1.0,1.0,0.2,1.0,1.0
118,Valentín Castellanos,ar ARG,FW,Lazio,24,1998,2.4,0,7,1,14.3,2.89,0.41,0.0,0.0,0,0,0,1.4,1.4,0.2,-1.4,-1.4
119,André Castro,pt POR,MF,Braga,35,1988,0.1,1,1,1,100.0,18.0,18.0,1.0,1.0,0,0,0,0.0,0.0,0.0,1.0,1.0
120,Danilo Cataldi,it ITA,MF,Lazio,28,1994,1.8,0,1,1,100.0,0.56,0.56,0.0,0.0,0,0,0,0.0,0.0,0.0,0.0,0.0
121,Dani Ceballos,es ESP,MF,Real Madrid,26,1996,1.7,1,2,1,50.0,1.18,0.59,0.5,1.0,0,0,0,0.2,0.2,0.09,0.8,0.8
122,Miguel Chaiwa,zm ZAM,MF,Young Boys,19,2004,0.7,0,1,1,100.0,1.5,1.5,0.0,0.0,0,0,0,0.0,0.0,0.0,0.0,0.0
124,Andreas Christensen,dk DEN,"DF,MF",Barcelona,27,1996,4.9,1,4,1,25.0,0.82,0.21,0.25,1.0,0,0,0,0.7,0.7,0.18,0.3,0.3
125,Samuel Chukwueze,ng NGA,FW,Milan,24,1999,1.8,2,9,4,44.4,4.91,2.18,0.22,0.5,0,0,0,0.9,0.9,0.1,1.1,1.1
126,Viktor Claesson,se SWE,"FW,MF",FC Copenhagen,31,1992,5.3,0,6,1,16.7,1.13,0.19,0.0,0.0,0,0,0,0.8,0.8,0.13,-0.8,-0.8
128,Ebrima Colley,gm GAM,"MF,FW",Young Boys,23,2000,1.4,1,6,1,16.7,4.29,0.71,0.17,1.0,0,0,0,0.8,0.8,0.13,0.2,0.2
130,Kingsley Coman,fr FRA,FW,Bayern Munich,27,1996,5.0,2,11,3,27.3,2.22,0.61,0.18,0.67,0,0,0,1.8,1.8,0.17,0.2,0.2
131,Francisco Conceição,pt POR,"FW,MF",Porto,20,2002,2.7,1,7,3,42.9,2.61,1.12,0.14,0.33,1,0,0,0.9,0.9,0.13,0.1,0.1
133,Andreas Cornelius,dk DEN,"FW,MF",FC Copenhagen,30,1993,0.9,0,1,1,100.0,1.1,1.1,0.0,0.0,0,0,0,0.1,0.1,0.09,-0.1,-0.1
134,Ángel Correa,ar ARG,"FW,MF",Atlético Madrid,28,1995,3.6,1,16,8,50.0,4.44,2.22,0.06,0.13,0,0,0,2.1,2.1,0.13,-1.1,-1.1
141,Diogo Dalot,pt POR,DF,Manchester Utd,24,1999,5.1,0,2,1,50.0,0.39,0.19,0.0,0.0,0,0,0,0.1,0.1,0.05,-0.1,-0.1
142,Kevin Danso,at AUT,DF,Lens,24,1998,6.0,0,7,1,14.3,1.17,0.17,0.0,0.0,0,0,0,0.6,0.6,0.08,-0.6,-0.6
144,David Datro Fofana,ci CIV,FW,Union Berlin,20,2002,2.2,1,8,4,50.0,3.62,1.81,0.13,0.25,0,0,0,0.9,0.9,0.11,0.1,0.1
145,Alphonso Davies,ca CAN,DF,Bayern Munich,22,2000,7.8,1,4,1,25.0,0.51,0.13,0.25,1.0,0,0,0,0.2,0.2,0.06,0.8,0.8
146,Kevin De Bruyne,be BEL,MF,Manchester City,32,1991,2.2,2,13,6,46.2,5.82,2.69,0.15,0.33,3,0,0,1.2,1.2,0.09,0.8,0.8
148,Rodrigo De Paul,ar ARG,MF,Atlético Madrid,29,1994,6.8,1,6,2,33.3,0.88,0.29,0.17,0.5,0,0,0,0.7,0.7,0.12,0.3,0.3
149,Amar Dedić,ba BIH,DF,RB Salzburg,20,2002,6.0,0,6,2,33.3,1.0,0.33,0.0,0.0,0,0,0,0.2,0.2,0.04,-0.2,-0.2
151,Ousmane Dembélé,fr FRA,"FW,MF",Paris S-G,26,1997,10.6,2,33,10,30.3,3.12,0.95,0.06,0.2,1,0,0,3.0,3.0,0.09,-1.0,-1.0
154,Sergiño Dest,us USA,DF,PSV Eindhoven,22,2000,7.2,0,4,2,50.0,0.56,0.28,0.0,0.0,0,0,0,0.2,0.2,0.04,-0.2,-0.2
156,Giovanni Di Lorenzo,it ITA,DF,Napoli,29,1993,8.0,1,10,4,40.0,1.25,0.5,0.1,0.25,1,0,0,0.4,0.4,0.04,0.6,0.6
157,Ángel Di María,ar ARG,FW,Benfica,35,1988,4.6,1,12,5,41.7,2.62,1.09,0.08,0.2,1,0,0,0.3,0.3,0.03,0.7,0.7
158,Rúben Dias,pt POR,DF,Manchester City,26,1997,8.5,0,5,2,40.0,0.59,0.24,0.0,0.0,0,0,0,0.7,0.7,0.13,-0.7,-0.7
159,Brahim Díaz,ma MAR,"MF,FW",Real Madrid,23,1999,3.6,2,10,3,30.0,2.79,0.84,0.2,0.67,0,0,0,1.5,1.5,0.16,0.5,0.5
160,Eric Dier,eng ENG,DF,Bayern Munich,29,1994,5.0,0,4,1,25.0,0.8,0.2,0.0,0.0,0,0,0,0.3,0.3,0.09,-0.3,-0.3
162,Javairô Dilrosun,nl NED,DF,Feyenoord,25,1998,0.1,0,1,1,100.0,7.5,7.5,0.0,0.0,0,0,0,0.0,0.0,0.0,0.0,0.0
163,Federico Dimarco,it ITA,DF,Inter,25,1997,4.0,1,6,3,50.0,1.48,0.74,0.17,0.33,1,0,0,0.5,0.5,0.08,0.5,0.5
166,Álvaro djaló,es ESP,FW,Braga,23,1999,4.5,2,8,2,25.0,1.78,0.44,0.25,1.0,1,0,1,1.8,1.1,0.13,0.2,0.9
170,Jeremy Doku,be BEL,"FW,MF",Manchester City,21,2002,3.4,1,12,6,50.0,3.55,1.78,0.08,0.17,0,0,0,1.3,1.3,0.11,-0.3,-0.3
172,Nene Dorgeles,ml MLI,"FW,MF",RB Salzburg,20,2002,1.5,0,5,2,40.0,3.26,1.3,0.0,0.0,0,0,0,1.1,1.1,0.22,-1.1,-1.1
173,Aleksandar Dragović,at AUT,DF,Red Star,32,1991,6.0,0,2,1,50.0,0.33,0.17,0.0,0.0,0,0,0,0.6,0.6,0.31,-0.6,-0.6
175,Denzel Dumfries,nl NED,DF,Inter,27,1996,3.6,0,7,2,28.6,1.97,0.56,0.0,0.0,0,0,0,0.9,0.9,0.13,-0.9,-0.9
177,Jorge Eduardo Sánchez,mx MEX,DF,Porto,25,1997,2.1,0,2,1,50.0,0.97,0.49,0.0,0.0,0,0,0,0.1,0.1,0.04,-0.1,-0.1
178,Eguinaldo,br BRA,"MF,FW",Shakhtar,18,2004,0.2,1,2,1,50.0,11.25,5.63,0.5,1.0,0,0,0,0.1,0.1,0.06,0.9,0.9
182,Meschak Elia,cd COD,"FW,MF",Young Boys,25,1997,5.5,2,7,3,42.9,1.27,0.54,0.29,0.67,0,0,0,0.7,0.7,0.1,1.3,1.3
187,Mohamed Elyounoussi,no NOR,"FW,MF",FC Copenhagen,28,1994,7.6,3,17,7,41.2,2.24,0.92,0.18,0.43,0,0,0,2.1,2.1,0.13,0.9,0.9
188,Youssef En-Nesyri,ma MAR,FW,Sevilla,26,1997,5.7,2,10,5,50.0,1.76,0.88,0.2,0.4,0,0,0,1.8,1.8,0.18,0.2,0.2
189,Luis Enrique Palma,hn HON,FW,Celtic,23,2000,3.0,2,5,4,80.0,1.69,1.35,0.2,0.25,0,1,1,1.1,0.3,0.05,0.9,0.7
190,Christian Eriksen,dk DEN,MF,Manchester Utd,31,1992,2.3,0,2,2,100.0,0.89,0.89,0.0,0.0,0,0,0,0.4,0.4,0.18,-0.4,-0.4
191,Stephen Eustáquio,ca CAN,MF,Porto,26,1996,5.9,1,7,4,57.1,1.18,0.68,0.14,0.25,0,0,0,0.5,0.5,0.08,0.5,0.5
192,Evanilson,br BRA,FW,Porto,23,1999,5.4,4,13,6,46.2,2.4,1.11,0.23,0.5,0,1,1,1.7,1.0,0.07,2.3,2.0
194,Rasmus Falk,dk DEN,MF,FC Copenhagen,31,1992,7.0,0,2,1,50.0,0.29,0.14,0.0,0.0,0,0,0,0.1,0.1,0.04,-0.1,-0.1
195,João Félix,pt POR,FW,Barcelona,23,1999,4.1,3,17,7,41.2,4.15,1.71,0.18,0.43,0,0,0,1.6,1.6,0.09,1.4,1.4
196,Bruno Fernandes,pt POR,"MF,FW",Manchester Utd,28,1994,6.0,2,14,3,21.4,2.33,0.5,0.07,0.33,2,1,1,1.6,0.9,0.06,0.4,0.1
199,Fernando,br BRA,FW,RB Salzburg,24,1999,0.4,0,3,1,33.3,7.5,2.5,0.0,0.0,0,0,0,0.3,0.3,0.09,-0.3,-0.3
202,Phil Foden,eng ENG,"FW,MF",Manchester City,23,2000,7.6,5,33,12,36.4,4.36,1.59,0.15,0.42,2,0,0,3.3,3.3,0.1,1.7,1.7
206,Emil Forsberg,se SWE,"MF,FW",RB Leipzig,31,1991,4.5,1,9,1,11.1,2.0,0.22,0.11,1.0,2,0,0,0.8,0.8,0.09,0.2,0.2
211,André Franco,pt POR,"MF,FW",Porto,25,1998,2.6,0,5,2,40.0,1.91,0.76,0.0,0.0,0,0,0,0.7,0.7,0.15,-0.7,-0.7
213,Davide Frattesi,it ITA,MF,Inter,23,1999,5.0,1,10,2,20.0,1.99,0.4,0.1,0.5,0,0,0,0.9,0.9,0.09,0.1,0.1
215,Angelo Fulgini,fr FRA,MF,Lens,26,1996,3.2,2,7,4,57.1,2.17,1.24,0.29,0.5,2,0,0,1.4,1.4,0.2,0.6,0.6
216,Niclas Füllkrug,de GER,FW,Dortmund,30,1993,11.5,3,35,11,31.4,3.04,0.96,0.09,0.27,0,0,0,5.4,5.4,0.15,-2.4,-2.4
217,Kyogo Furuhashi,jp JPN,FW,Celtic,28,1995,5.0,2,10,5,50.0,2.01,1.01,0.2,0.4,0,0,0,1.5,1.5,0.15,0.5,0.5
221,Galeno,br BRA,"MF,FW",Porto,25,1997,7.2,5,16,11,68.8,2.22,1.53,0.31,0.45,0,0,0,2.9,2.9,0.19,2.1,2.1
222,Silvère Ganvoula M'Boussy,cg CGO,FW,Young Boys,27,1996,1.3,0,7,1,14.3,5.48,0.78,0.0,0.0,1,0,0,0.8,0.8,0.11,-0.8,-0.8
224,Ulisses Garcia,ch SUI,DF,Young Boys,27,1996,5.6,0,8,2,25.0,1.43,0.36,0.0,0.0,0,0,0,0.4,0.4,0.05,-0.4,-0.4
225,Alejandro Garnacho,ar ARG,"FW,MF",Manchester Utd,19,2004,3.3,1,8,3,37.5,2.39,0.9,0.13,0.33,0,0,0,1.3,1.3,0.16,-0.3,-0.3
226,Gavi,es ESP,MF,Barcelona,18,2004,2.5,1,3,2,66.7,1.19,0.8,0.33,0.5,0,0,0,0.5,0.5,0.15,0.5,0.5
227,Lutsharel Geertruida,nl NED,DF,Feyenoord,23,2000,6.0,0,2,1,50.0,0.33,0.17,0.0,0.0,0,0,0,0.4,0.4,0.2,-0.4,-0.4
228,Mario Gila,es ESP,DF,Lazio,22,2000,3.9,0,3,2,66.7,0.77,0.51,0.0,0.0,0,0,0,0.1,0.1,0.05,-0.1,-0.1
229,Santiago Giménez,mx MEX,FW,Feyenoord,22,2001,3.9,2,11,6,54.5,2.85,1.56,0.18,0.33,0,0,0,2.3,2.3,0.21,-0.3,-0.3
230,Olivier Giroud,fr FRA,FW,Milan,36,1986,5.7,1,12,6,50.0,2.12,1.06,0.08,0.17,0,0,1,2.6,1.8,0.15,-1.6,-0.8
231,Jamie Gittens,eng ENG,FW,Dortmund,18,2004,2.3,1,8,1,12.5,3.51,0.44,0.13,1.0,0,0,0,0.5,0.5,0.07,0.5,0.5
234,Oscar Gloukh,il ISR,"MF,FW",RB Salzburg,19,2004,5.3,2,7,4,57.1,1.32,0.76,0.29,0.5,1,0,0,1.2,1.2,0.18,0.8,0.8
235,Serge Gnabry,de GER,FW,Bayern Munich,28,1995,2.2,2,4,2,50.0,1.8,0.9,0.5,1.0,0,0,0,0.7,0.7,0.18,1.3,1.3
236,Giorgi Gocholeishvili,ge GEO,DF,Shakhtar,22,2001,3.2,0,2,2,100.0,0.63,0.63,0.0,0.0,0,0,0,0.2,0.2,0.1,-0.2,-0.2
239,Diogo Gonçalves,pt POR,MF,FC Copenhagen,26,1997,5.9,2,11,3,27.3,1.87,0.51,0.09,0.33,1,1,1,1.9,1.1,0.1,0.1,-0.1
241,Anthony Gordon,eng ENG,FW,Newcastle Utd,22,2001,4.9,0,6,2,33.3,1.24,0.41,0.0,0.0,0,0,0,0.6,0.6,0.1,-0.6,-0.6
243,Robin Gosens,de GER,"DF,MF",Union Berlin,29,1994,4.9,1,5,1,20.0,1.02,0.2,0.2,1.0,0,0,0,0.4,0.4,0.08,0.6,0.6
245,Tiago Gouveia,pt POR,FW,Benfica,22,2001,0.3,0,1,1,100.0,2.9,2.9,0.0,0.0,0,0,0,0.0,0.0,0.0,0.0,0.0
248,Jack Grealish,eng ENG,"FW,MF",Manchester City,27,1995,5.9,0,13,5,38.5,2.21,0.85,0.0,0.0,0,0,0,1.1,1.1,0.09,-1.1,-1.1
249,Antoine Griezmann,fr FRA,"FW,MF",Atlético Madrid,32,1991,9.1,6,21,9,42.9,2.31,0.99,0.29,0.67,0,0,1,4.2,3.3,0.16,1.8,2.7
251,Nemanja Gudelj,rs SRB,DF,Sevilla,31,1991,6.0,2,4,3,75.0,0.67,0.5,0.5,0.67,0,0,0,0.4,0.4,0.11,1.6,1.6
253,Mattéo Guendouzi,fr FRA,MF,Lazio,24,1999,5.5,0,6,1,16.7,1.09,0.18,0.0,0.0,0,0,0,0.5,0.5,0.09,-0.5,-0.5
255,Morgan Guilavogui,gn GUI,"FW,MF",Lens,25,1998,0.8,0,3,1,33.3,3.86,1.29,0.0,0.0,0,0,0,0.6,0.6,0.19,-0.6,-0.6
256,Bruno Guimarães,br BRA,MF,Newcastle Utd,25,1997,6.0,0,3,3,100.0,0.5,0.5,0.0,0.0,0,0,0,0.3,0.3,0.09,-0.3,-0.3
257,Marc Guiu,es ESP,FW,Barcelona,17,2006,0.4,1,2,1,50.0,5.14,2.57,0.5,1.0,0,0,0,0.4,0.4,0.18,0.6,0.6
260,İlkay Gündoğan,de GER,MF,Barcelona,32,1990,9.3,0,15,4,26.7,1.61,0.43,0.0,0.0,0,0,0,0.9,0.9,0.06,-0.9,-0.9
261,Joško Gvardiol,hr CRO,DF,Manchester City,21,2002,6.3,1,2,1,50.0,0.32,0.16,0.5,1.0,0,0,0,0.1,0.1,0.06,0.9,0.9
262,Erling Haaland,no NOR,FW,Manchester City,23,2000,8.6,6,41,20,48.8,4.76,2.32,0.1,0.2,0,2,2,7.0,5.4,0.13,-1.0,-1.4
263,Janik Haberer,de GER,MF,Union Berlin,29,1994,4.0,0,4,1,25.0,1.01,0.25,0.0,0.0,0,0,0,0.2,0.2,0.05,-0.2,-0.2
264,Amadou Haidara,ml MLI,"MF,DF",RB Leipzig,25,1998,3.0,0,4,1,25.0,1.35,0.34,0.0,0.0,0,0,0,0.1,0.1,0.03,-0.1,-0.1
266,Achraf Hakimi,ma MAR,DF,Paris S-G,24,1998,10.9,1,17,3,17.6,1.56,0.28,0.06,0.33,1,0,0,1.0,1.0,0.06,0.0,0.0
268,Sébastien Haller,ci CIV,"FW,MF",Dortmund,29,1994,0.7,1,1,1,100.0,1.41,1.41,1.0,1.0,0,0,0,0.3,0.3,0.31,0.7,0.7
269,Micah Hamilton,eng ENG,FW,Manchester City,19,2003,1.2,1,3,1,33.3,2.52,0.84,0.33,1.0,0,0,0,0.2,0.2,0.07,0.8,0.8
270,Dávid Hancko,sk SVK,DF,Feyenoord,25,1997,6.0,1,7,2,28.6,1.17,0.33,0.14,0.5,1,0,0,1.3,1.2,0.22,-0.3,-0.2
273,Reo Hatate,jp JPN,MF,Celtic,25,1997,1.5,0,3,2,66.7,2.01,1.34,0.0,0.0,0,0,0,0.1,0.1,0.04,-0.1,-0.1
274,Kai Havertz,de GER,"MF,FW",Arsenal,24,1999,9.2,1,11,3,27.3,1.19,0.33,0.09,0.33,0,0,0,1.0,1.0,0.09,0.0,0.0
275,Benjamin Henrichs,de GER,"DF,MF",RB Leipzig,26,1997,5.5,0,5,2,40.0,0.92,0.37,0.0,0.0,0,0,0,0.2,0.2,0.04,-0.2,-0.2
276,Mario Hermoso,es ESP,DF,Atlético Madrid,28,1995,9.1,1,4,1,25.0,0.44,0.11,0.25,1.0,0,0,0,0.1,0.1,0.03,0.9,0.9
277,Lucas Hernández,fr FRA,DF,Paris S-G,27,1996,9.3,1,4,1,25.0,0.43,0.11,0.25,1.0,0,0,0,0.7,0.7,0.16,0.3,0.3
278,Theo Hernández,fr FRA,DF,Milan,25,1997,6.0,0,9,2,22.2,1.5,0.33,0.0,0.0,1,0,0,0.8,0.8,0.08,-0.8,-0.8
280,Ricardo Horta,pt POR,"FW,MF",Braga,28,1994,5.6,0,17,6,35.3,3.06,1.08,0.0,0.0,0,0,0,1.2,1.2,0.07,-1.2,-1.2
281,Mats Hummels,de GER,DF,Dortmund,34,1988,13.0,1,10,1,10.0,0.77,0.08,0.1,1.0,0,0,0,0.9,0.9,0.09,0.1,0.1
282,Oh Hyeon-gyu,kr KOR,"FW,MF",Celtic,22,2001,1.2,0,3,1,33.3,2.6,0.87,0.0,0.0,0,0,0,0.2,0.2,0.05,-0.2,-0.2
287,Rasmus Højlund,dk DEN,FW,Manchester Utd,20,2003,5.4,5,11,6,54.5,2.04,1.11,0.45,0.83,0,0,0,3.5,3.5,0.32,1.5,1.5
288,Mauro Icardi,ar ARG,FW,Galatasaray,30,1993,5.8,2,19,5,26.3,3.3,0.87,0.05,0.2,0,1,2,4.1,2.6,0.14,-2.1,-1.6
289,George Ilenikhena,fr FRA,FW,Antwerp,16,2006,1.7,1,2,1,50.0,1.15,0.57,0.5,1.0,0,0,0,0.8,0.8,0.39,0.2,0.2
290,Ciro Immobile,it ITA,FW,Lazio,33,1990,5.6,4,9,4,44.4,1.61,0.72,0.33,0.75,0,1,1,3.1,2.3,0.25,0.9,0.7
291,Hwang In-beom,kr KOR,MF,Red Star,26,1996,5.9,1,13,4,30.8,2.21,0.68,0.08,0.25,0,0,0,0.9,0.9,0.07,0.1,0.1
292,Alexander Isak,se SWE,FW,Newcastle Utd,23,1999,3.5,1,6,3,50.0,1.73,0.87,0.17,0.33,0,0,0,1.4,1.4,0.24,-0.4,-0.4
293,Gustav Isaksen,dk DEN,FW,Lazio,22,2001,2.7,0,8,3,37.5,2.94,1.1,0.0,0.0,0,0,0,0.7,0.7,0.09,-0.7,-0.7
294,Cedric Itten,ch SUI,FW,Young Boys,26,1996,3.1,1,7,4,57.1,2.27,1.29,0.0,0.0,0,1,1,1.3,0.5,0.07,-0.3,-0.5
295,Mirko Ivanić,me MNE,MF,Red Star,29,1993,4.1,0,7,1,14.3,1.69,0.24,0.0,0.0,0,0,0,0.5,0.5,0.07,-0.5,-0.5
299,Alireza Jahanbakhsh,ir IRN,"FW,DF",Feyenoord,29,1993,0.8,1,3,2,66.7,3.65,2.43,0.33,0.5,1,0,0,0.3,0.3,0.08,0.7,0.7
300,Ivan Jaime Pajuelo,es ESP,MF,Porto,22,2000,1.0,0,1,1,100.0,0.99,0.99,0.0,0.0,0,0,0,0.0,0.0,0.0,0.0,0.0
302,Vincent Janssen,nl NED,FW,Antwerp,29,1994,4.5,1,12,3,25.0,2.64,0.66,0.08,0.33,0,0,0,1.0,1.0,0.08,0.0,0.0
304,Gabriel Jesus,br BRA,FW,Arsenal,26,1997,4.5,4,15,8,53.3,3.33,1.77,0.27,0.5,0,0,0,2.1,2.1,0.14,1.9,1.9
306,Joelinton,br BRA,"MF,FW",Newcastle Utd,26,1996,3.7,1,7,3,42.9,1.89,0.81,0.14,0.33,0,0,0,0.5,0.5,0.08,0.5,0.5
308,Michael Johnston,ie IRL,FW,Celtic,24,1999,1.1,0,2,1,50.0,1.86,0.93,0.0,0.0,0,0,0,0.0,0.0,0.0,0.0,0.0
310,Luuk de Jong,nl NED,FW,PSV Eindhoven,32,1990,7.0,3,21,5,23.8,3.01,0.72,0.05,0.2,0,2,2,3.8,2.2,0.1,-0.8,-1.2
314,Joselu,es ESP,FW,Real Madrid,33,1990,3.1,5,30,9,30.0,9.57,2.87,0.17,0.56,0,0,0,5.4,5.4,0.18,-0.4,-0.4
315,Luka Jović,rs SRB,"FW,MF",Milan,25,1997,0.4,0,5,1,20.0,14.06,2.81,0.0,0.0,0,0,0,0.6,0.6,0.11,-0.6,-0.6
316,Mauro Júnior,br BRA,"MF,DF",PSV Eindhoven,24,1999,2.0,0,1,1,100.0,0.49,0.49,0.0,0.0,0,0,0,0.0,0.0,0.0,0.0,0.0
318,Vinicius Júnior,br BRA,FW,Real Madrid,23,2000,10.0,6,29,12,41.4,2.91,1.2,0.17,0.42,0,1,1,4.5,3.7,0.13,1.5,1.3
323,Daichi Kamada,jp JPN,MF,Lazio,26,1996,2.9,0,4,2,50.0,1.4,0.7,0.0,0.0,0,0,0,0.1,0.1,0.03,-0.1,-0.1
325,Kevin Kampl,si SVN,MF,RB Leipzig,32,1990,3.1,0,2,1,50.0,0.64,0.32,0.0,0.0,0,0,0,0.0,0.0,0.0,0.0,0.0
326,Harry Kane,eng ENG,FW,Bayern Munich,30,1993,11.8,8,33,13,39.4,2.8,1.1,0.15,0.38,2,3,3,6.7,4.3,0.13,1.3,0.7
327,Lee Kang-in,kr KOR,"MF,FW",Paris S-G,22,2001,3.8,1,12,4,33.3,3.14,1.05,0.08,0.25,0,0,0,1.2,1.2,0.1,-0.2,-0.2
328,Guélor Kanga,ga GAB,MF,Red Star,32,1990,1.6,0,3,1,33.3,1.84,0.61,0.0,0.0,0,0,0,0.1,0.1,0.02,-0.1,-0.1
332,Aleksandar Katai,rs SRB,"MF,FW",Red Star,32,1991,0.9,1,6,2,33.3,6.84,2.28,0.17,0.5,0,0,0,0.4,0.4,0.06,0.6,0.6
334,Kevin Kelsy,ve VEN,FW,Shakhtar,19,2004,1.5,1,2,1,50.0,1.34,0.67,0.5,1.0,0,0,0,0.2,0.2,0.12,0.8,0.8
336,Gyrano Kerk,sr SUR,FW,Antwerp,27,1995,2.3,0,3,1,33.3,1.31,0.44,0.0,0.0,0,0,0,0.2,0.2,0.07,-0.2,-0.2
340,Joshua Kimmich,de GER,"MF,DF",Bayern Munich,28,1995,12.0,1,9,3,33.3,0.75,0.25,0.11,0.33,1,0,0,0.7,0.7,0.08,0.3,0.3
341,Jakub Kiwior,pl POL,DF,Arsenal,23,2000,4.2,0,5,1,20.0,1.18,0.24,0.0,0.0,0,0,0,0.5,0.5,0.1,-0.5,-0.5
351,Randal Kolo Muani,fr FRA,"FW,MF",Paris S-G,24,1998,5.2,1,8,2,25.0,1.53,0.38,0.13,0.5,0,0,0,1.9,1.9,0.24,-0.9,-0.9
352,Karim Konaté,ci CIV,"FW,MF",RB Salzburg,19,2004,2.6,0,10,3,30.0,3.8,1.14,0.0,0.0,0,0,1,1.8,1.0,0.1,-1.8,-1.0
355,Jules Koundé,fr FRA,DF,Barcelona,24,1998,8.0,0,2,1,50.0,0.25,0.12,0.0,0.0,0,0,0,0.0,0.0,0.0,0.0,0.0
357,Alex Král,cz CZE,MF,Union Berlin,25,1998,2.8,1,3,2,66.7,1.08,0.72,0.33,0.5,0,0,0,0.1,0.1,0.02,0.9,0.9
358,Jean-Philippe Krasso,ci CIV,"FW,MF",Red Star,26,1997,1.2,0,3,1,33.3,2.43,0.81,0.0,0.0,0,0,0,0.5,0.5,0.15,-0.5,-0.5
360,Toni Kroos,de GER,MF,Real Madrid,33,1990,9.5,0,7,5,71.4,0.73,0.52,0.0,0.0,2,0,0,0.3,0.3,0.05,-0.3,-0.3
361,Rade Krunić,ba BIH,"MF,DF",Milan,29,1993,2.3,0,1,1,100.0,0.43,0.43,0.0,0.0,0,0,0,0.0,0.0,0.0,0.0,0.0
362,Dmytro Kryskiv,ua UKR,"MF,FW",Shakhtar,22,2000,4.3,0,4,2,50.0,0.93,0.46,0.0,0.0,0,0,0,0.1,0.1,0.02,-0.1,-0.1
364,Takefusa Kubo,jp JPN,"FW,MF",Real Sociedad,22,2001,6.2,0,11,3,27.3,1.77,0.48,0.0,0.0,1,0,0,0.4,0.4,0.04,-0.4,-0.4
365,Khvicha Kvaratskhelia,ge GEO,FW,Napoli,22,2001,7.4,0,17,3,17.6,2.29,0.4,0.0,0.0,0,0,0,0.9,0.9,0.05,-0.9,-0.9
366,Gustaf Lagerbielke,se SWE,DF,Celtic,23,2000,0.9,1,1,1,100.0,1.15,1.15,1.0,1.0,0,0,0,0.8,0.8,0.79,0.2,0.2
369,Érik Lamela,ar ARG,"FW,MF",Sevilla,31,1992,2.1,0,1,1,100.0,0.48,0.48,0.0,0.0,0,0,0,0.3,0.3,0.26,-0.3,-0.3
371,Noa Lang,nl NED,FW,PSV Eindhoven,24,1999,1.8,0,9,4,44.4,4.91,2.18,0.0,0.0,0,0,0,0.5,0.5,0.05,-0.5,-0.5
372,Jordan Larsson,se SWE,"FW,MF",FC Copenhagen,26,1997,1.2,0,3,2,66.7,2.6,1.73,0.0,0.0,0,0,1,1.0,0.2,0.08,-1.0,-0.2
376,Robin Le Normand,es ESP,DF,Real Sociedad,26,1996,6.4,0,6,2,33.3,0.94,0.31,0.0,0.0,0,0,0,0.7,0.7,0.11,-0.7,-0.7
377,Rafael Leão,pt POR,FW,Milan,24,1999,4.9,1,11,4,36.4,2.24,0.82,0.09,0.25,0,0,0,1.1,1.1,0.1,-0.1,-0.1
381,Lukas Lerager,dk DEN,MF,FC Copenhagen,30,1993,6.0,3,6,4,66.7,1.0,0.67,0.5,0.75,0,0,0,1.3,1.3,0.23,1.7,1.7
382,Robert Lewandowski,pl POL,FW,Barcelona,34,1988,8.2,3,22,9,40.9,2.7,1.1,0.14,0.33,0,0,0,3.0,3.0,0.13,0.0,0.0
388,Samuel Lino,br BRA,DF,Atlético Madrid,23,1999,5.6,3,18,8,44.4,3.21,1.43,0.17,0.38,0,0,0,2.0,2.0,0.11,1.0,1.0
390,Valentino Livramento,eng ENG,"DF,FW",Newcastle Utd,20,2002,3.0,0,1,1,100.0,0.33,0.33,0.0,0.0,0,0,0,0.0,0.0,0.0,0.0,0.0
391,Marcos Llorente,es ESP,"MF,DF",Atlético Madrid,28,1995,7.2,0,5,1,20.0,0.69,0.14,0.0,0.0,0,0,0,0.3,0.3,0.05,-0.3,-0.3
395,Sean Longstaff,eng ENG,MF,Newcastle Utd,25,1997,3.9,1,2,2,100.0,0.51,0.51,0.5,0.5,0,0,0,0.1,0.1,0.07,0.9,0.9
397,Fermin López,es ESP,MF,Barcelona,20,2003,3.1,2,11,3,27.3,3.56,0.97,0.18,0.67,0,0,0,2.2,2.2,0.2,-0.2,-0.2
399,Hirving Lozano,mx MEX,FW,PSV Eindhoven,28,1995,4.2,0,16,5,31.3,3.82,1.19,0.0,0.0,0,0,0,0.7,0.7,0.04,-0.7,-0.7
402,Castello Lukeba,fr FRA,DF,RB Leipzig,20,2002,6.9,0,1,1,100.0,0.15,0.15,0.0,0.0,0,0,0,0.1,0.1,0.09,-0.1,-0.1
403,Dodi Lukebakio,be BEL,FW,Sevilla,25,1997,2.7,0,4,1,25.0,1.46,0.37,0.0,0.0,0,0,0,0.2,0.2,0.05,-0.2,-0.2
407,Ian Maatsen,nl NED,DF,Dortmund,21,2002,7.0,1,4,3,75.0,0.57,0.43,0.25,0.33,0,0,0,0.2,0.2,0.04,0.8,0.8
408,Deiver Machado,co COL,DF,Lens,29,1993,4.1,0,5,2,40.0,1.23,0.49,0.0,0.0,0,0,0,0.2,0.2,0.05,-0.2,-0.2
409,Daizen Maeda,jp JPN,FW,Celtic,25,1997,3.1,0,5,1,20.0,1.59,0.32,0.0,0.0,0,0,0,0.4,0.4,0.08,-0.4,-0.4
410,Gabriel Magalhães,br BRA,DF,Arsenal,25,1997,10.3,0,5,1,20.0,0.48,0.1,0.0,0.0,0,0,0,0.4,0.4,0.09,-0.4,-0.4
411,Harry Maguire,eng ENG,DF,Manchester Utd,30,1993,3.4,1,2,2,100.0,0.58,0.58,0.5,0.5,0,0,0,0.3,0.3,0.14,0.7,0.7
412,Jon Magunacelaya,es ESP,MF,Real Sociedad,23,2000,0.2,0,1,1,100.0,6.43,6.43,0.0,0.0,0,0,0,0.1,0.1,0.12,-0.1,-0.1
416,Donyell Malen,nl NED,FW,Dortmund,24,1999,5.1,1,23,11,47.8,4.55,2.18,0.04,0.09,0,0,0,2.1,2.1,0.09,-1.1,-1.1
419,José María Giménez,uy URU,DF,Atlético Madrid,28,1995,5.3,0,3,1,33.3,0.56,0.19,0.0,0.0,0,0,0,0.2,0.2,0.05,-0.2,-0.2
420,Mariano,do DOM,"MF,FW",Sevilla,29,1993,0.7,0,3,1,33.3,4.29,1.43,0.0,0.0,0,0,0,0.2,0.2,0.07,-0.2,-0.2
422,João Mário,pt POR,"FW,MF",Benfica,30,1993,3.6,3,7,3,42.9,1.96,0.84,0.43,1.0,0,0,0,1.5,1.5,0.21,1.5,1.5
426,Gabriel Martinelli,br BRA,FW,Arsenal,22,2001,5.3,2,10,5,50.0,1.87,0.94,0.2,0.4,0,0,0,1.8,1.8,0.18,0.2,0.2
428,Lautaro Martínez,ar ARG,FW,Inter,25,1997,5.9,2,33,10,30.3,5.58,1.69,0.03,0.1,0,1,1,5.1,4.3,0.13,-3.1,-3.3
433,Magnus Mattsson,dk DEN,MF,FC Copenhagen,24,1999,1.3,1,5,2,40.0,3.98,1.59,0.2,0.5,0,0,0,0.5,0.5,0.11,0.5,0.5
434,Mykola Matviyenko,ua UKR,DF,Shakhtar,27,1996,5.0,1,3,2,66.7,0.6,0.4,0.33,0.5,0,0,0,0.4,0.4,0.15,0.6,0.6
435,Eric Maxim Choupo-Moting,cm CMR,"FW,MF",Bayern Munich,34,1989,0.5,0,4,2,50.0,8.18,4.09,0.0,0.0,0,0,0,0.5,0.5,0.13,-0.5,-0.5
436,Noussair Mazraoui,ma MAR,DF,Bayern Munich,25,1997,7.2,0,5,1,20.0,0.7,0.14,0.0,0.0,0,0,0,0.1,0.1,0.03,-0.1,-0.1
437,Kylian Mbappé,fr FRA,FW,Paris S-G,24,1998,12.0,8,48,23,47.9,4.0,1.92,0.1,0.22,0,3,3,8.0,5.7,0.12,0.0,-0.7
438,Callum McGregor,sct SCO,MF,Celtic,30,1993,5.8,0,4,2,50.0,0.69,0.35,0.0,0.0,0,0,0,0.2,0.2,0.06,-0.2,-0.2
440,Scott McTominay,sct SCO,MF,Manchester Utd,26,1996,4.2,1,9,1,11.1,2.12,0.24,0.11,1.0,0,0,0,1.4,1.4,0.15,-0.4,-0.4
442,Facundo Medina,ar ARG,DF,Lens,24,1999,5.5,0,4,1,25.0,0.73,0.18,0.0,0.0,0,0,0,0.4,0.4,0.09,-0.4,-0.4
445,Memphis,nl NED,FW,Atlético Madrid,29,1994,1.2,1,7,3,42.9,6.06,2.6,0.14,0.33,2,0,0,1.0,1.0,0.15,0.0,0.0
448,Brais Méndez,es ESP,MF,Real Sociedad,26,1997,5.8,3,13,6,46.2,2.22,1.03,0.23,0.5,1,0,1,1.9,1.2,0.09,1.1,1.8
452,Mikel Merino,es ESP,MF,Real Sociedad,27,1996,7.0,2,14,4,28.6,2.0,0.57,0.14,0.5,0,0,0,2.1,2.1,0.15,-0.1,-0.1
453,Dries Mertens,be BEL,MF,Galatasaray,36,1987,2.2,0,4,1,25.0,1.79,0.45,0.0,0.0,0,0,0,0.1,0.1,0.03,-0.1,-0.1
455,Srđan Mijailović,rs SRB,"DF,MF",Red Star,29,1993,5.4,0,3,2,66.7,0.55,0.37,0.0,0.0,0,0,0,0.1,0.1,0.03,-0.1,-0.1
461,Yankuba Minteh,gm GAM,FW,Feyenoord,19,2004,2.2,1,10,5,50.0,4.55,2.27,0.1,0.2,0,0,0,1.3,1.3,0.13,-0.3,-0.3
462,Rafa Mir,es ESP,FW,Sevilla,26,1997,0.4,0,1,1,100.0,2.37,2.37,0.0,0.0,0,0,0,0.1,0.1,0.09,-0.1,-0.1
463,Stefan Mitrović,rs SRB,"DF,FW",Red Star,20,2002,2.3,0,5,1,20.0,2.15,0.43,0.0,0.0,0,0,0,0.1,0.1,0.03,-0.1,-0.1
465,Luka Modrić,hr CRO,MF,Real Madrid,37,1985,4.7,0,6,1,16.7,1.29,0.21,0.0,0.0,0,0,1,1.1,0.3,0.04,-1.1,-0.3
466,Nahuel Molina,ar ARG,DF,Atlético Madrid,25,1998,8.7,0,4,1,25.0,0.46,0.11,0.0,0.0,0,0,0,0.1,0.1,0.02,-0.1,-0.1
468,Joel Monteiro,ch SUI,"FW,MF",Young Boys,23,1999,2.9,0,4,1,25.0,1.36,0.34,0.0,0.0,0,0,0,0.3,0.3,0.09,-0.3,-0.3
469,Álvaro Morata,es ESP,FW,Atlético Madrid,30,1992,7.4,5,25,10,40.0,3.38,1.35,0.2,0.5,0,0,0,4.6,4.6,0.18,0.4,0.4
473,Mason Mount,eng ENG,"MF,FW",Manchester Utd,24,1999,1.0,0,4,1,25.0,3.96,0.99,0.0,0.0,0,0,0,0.5,0.5,0.12,-0.5,-0.5
475,Arbnor Muja,al ALB,FW,Antwerp,24,1998,4.0,1,11,6,54.5,2.77,1.51,0.09,0.17,0,0,0,0.8,0.8,0.07,0.2,0.2
477,Thomas Müller,de GER,MF,Bayern Munich,33,1989,4.7,1,7,3,42.9,1.48,0.63,0.14,0.33,0,0,0,1.5,1.5,0.22,-0.5,-0.5
480,Petar Musa,hr CRO,"FW,MF",Benfica,25,1998,2.6,0,7,2,28.6,2.7,0.77,0.0,0.0,0,0,0,1.2,1.2,0.18,-1.2,-1.2
481,Yunus Musah,us USA,MF,Milan,20,2002,3.9,0,2,1,50.0,0.51,0.26,0.0,0.0,0,0,0,0.2,0.2,0.11,-0.2,-0.2
482,Jamal Musiala,de GER,"MF,FW",Bayern Munich,20,2003,9.7,2,23,6,26.1,2.36,0.62,0.09,0.33,0,0,0,2.1,2.1,0.09,-0.1,-0.1
484,Almoatasem Al Musrati,ly LBY,MF,Braga,27,1996,3.4,0,4,1,25.0,1.17,0.29,0.0,0.0,0,0,0,0.3,0.3,0.07,-0.3,-0.3
485,Nacho,es ESP,DF,Real Madrid,33,1990,10.9,0,6,2,33.3,0.55,0.18,0.0,0.0,0,0,0,0.4,0.4,0.07,-0.4,-0.4
489,Yehor Nazaryna,ua UKR,MF,Shakhtar,26,1997,2.3,0,3,2,66.7,1.32,0.88,0.0,0.0,0,0,0,0.2,0.2,0.08,-0.2,-0.2
490,Cherif Ndiaye,sn SEN,FW,Red Star,27,1996,4.0,1,9,6,66.7,2.28,1.52,0.11,0.17,0,0,0,2.8,2.8,0.32,-1.8,-1.8
496,David Neres,br BRA,FW,Benfica,26,1997,2.0,0,4,1,25.0,2.03,0.51,0.0,0.0,0,0,0,0.2,0.2,0.04,-0.2,-0.2
498,João Neves,pt POR,MF,Benfica,18,2004,6.0,0,6,2,33.3,1.0,0.33,0.0,0.0,0,0,0,0.4,0.4,0.07,-0.4,-0.4
499,Newerton,br BRA,"MF,FW",Shakhtar,18,2005,2.4,0,7,1,14.3,2.89,0.41,0.0,0.0,0,0,0,0.7,0.7,0.09,-0.7,-0.7
501,Sikou Niakaté,ml MLI,DF,Braga,24,1999,4.3,1,3,1,33.3,0.69,0.23,0.33,1.0,0,0,0,0.9,0.9,0.29,0.1,0.1
503,Cheikh Niasse,sn SEN,MF,Young Boys,23,2000,5.9,0,4,1,25.0,0.67,0.17,0.0,0.0,0,0,0,0.3,0.3,0.07,-0.3,-0.3
505,Saúl Ñíguez,es ESP,MF,Atlético Madrid,28,1994,4.8,1,5,1,20.0,1.03,0.21,0.2,1.0,0,0,0,0.4,0.4,0.08,0.6,0.6
506,Eddie Nketiah,eng ENG,FW,Arsenal,24,1999,1.6,1,5,2,40.0,3.19,1.28,0.2,0.5,0,0,0,0.4,0.4,0.07,0.6,0.6
507,Felix Nmecha,de GER,MF,Dortmund,22,2000,3.9,1,7,2,28.6,1.79,0.51,0.14,0.5,0,0,0,0.5,0.5,0.07,0.5,0.5
508,Jean-Pierre Nsame,cm CMR,FW,Young Boys,30,1993,1.8,0,4,1,25.0,2.28,0.57,0.0,0.0,0,0,0,0.5,0.5,0.11,-0.5,-0.5
509,Matheus Nunes,pt POR,"MF,FW",Manchester City,24,1998,4.7,0,12,1,8.3,2.56,0.21,0.0,0.0,0,0,0,1.7,1.7,0.14,-1.7,-1.7
511,Matt O'Riley,dk DEN,MF,Celtic,22,2000,5.4,0,4,3,75.0,0.74,0.56,0.0,0.0,0,0,0,0.1,0.1,0.04,-0.1,-0.1
514,Lucas Ocampos,ar ARG,FW,Sevilla,29,1994,3.8,1,12,3,25.0,3.13,0.78,0.08,0.33,0,0,0,0.7,0.7,0.06,0.3,0.3
516,Noah Okafor,ch SUI,FW,Milan,23,2000,0.4,0,2,1,50.0,5.0,2.5,0.0,0.0,0,0,0,0.1,0.1,0.04,-0.1,-0.1
518,Peter Olayinka,ng NGA,"DF,FW",Red Star,27,1995,1.9,0,3,3,100.0,1.54,1.54,0.0,0.0,0,0,0,0.1,0.1,0.05,-0.1,-0.1
520,Sérgio Oliveira,pt POR,MF,Galatasaray,31,1992,1.4,0,3,1,33.3,2.09,0.7,0.0,0.0,0,0,0,0.1,0.1,0.04,-0.1,-0.1
522,Dani Olmo,es ESP,MF,RB Leipzig,25,1998,2.0,1,9,3,33.3,4.48,1.49,0.11,0.33,1,0,0,0.9,0.9,0.1,0.1,0.1
524,Loïs Openda,be BEL,FW,RB Leipzig,23,2000,6.1,4,29,8,27.6,4.72,1.3,0.14,0.5,1,0,0,3.5,3.5,0.12,0.5,0.5
526,Willi Orban,hu HUN,DF,RB Leipzig,30,1992,2.0,1,5,1,20.0,2.5,0.5,0.2,1.0,0,0,0,0.2,0.2,0.05,0.8,0.8
528,Victor Osimhen,ng NGA,FW,Napoli,24,1998,5.1,2,16,6,37.5,3.14,1.18,0.13,0.33,0,0,0,2.4,2.4,0.15,-0.4,-0.4
529,Nicolás Otamendi,ar ARG,DF,Benfica,35,1988,6.0,0,7,4,57.1,1.17,0.67,0.0,0.0,0,0,0,0.5,0.5,0.07,-0.5,-0.5
530,Mikel Oyarzabal,es ESP,"FW,MF",Real Sociedad,26,1997,6.5,2,10,9,90.0,1.54,1.38,0.2,0.22,0,0,0,2.2,2.2,0.22,-0.2,-0.2
531,Salih Özcan,tr TUR,MF,Dortmund,25,1998,4.9,0,3,1,33.3,0.61,0.2,0.0,0.0,0,0,0,0.1,0.1,0.05,-0.1,-0.1
533,Igor Paixão,br BRA,FW,Feyenoord,23,2000,4.4,0,10,2,20.0,2.27,0.45,0.0,0.0,0,0,1,1.4,0.6,0.06,-1.4,-0.6
539,Nicolás Paz,ar ARG,MF,Real Madrid,18,2004,0.5,1,1,1,100.0,2.2,2.2,1.0,1.0,0,0,0,0.0,0.0,0.0,1.0,1.0
540,Pedri,es ESP,"MF,FW",Barcelona,20,2002,3.7,0,3,1,33.3,0.82,0.27,0.0,0.0,0,0,0,0.3,0.3,0.11,-0.3,-0.3
541,Pedro,es ESP,FW,Lazio,36,1987,2.1,2,3,2,66.7,1.4,0.93,0.33,0.5,0,1,1,1.0,0.2,0.06,1.0,0.8
544,Facundo Pellistri,uy URU,FW,Manchester Utd,21,2001,1.2,0,3,1,33.3,2.48,0.83,0.0,0.0,0,0,0,0.4,0.4,0.12,-0.4,-0.4
547,Pepe,pt POR,DF,Porto,40,1983,7.3,2,3,2,66.7,0.41,0.27,0.67,1.0,0,0,0,0.1,0.1,0.05,1.9,1.9
548,Pepê,br BRA,"MF,FW",Porto,26,1997,7.1,1,9,2,22.2,1.26,0.28,0.11,0.5,0,0,0,1.2,1.2,0.13,-0.2,-0.2
549,Ricardo Pepi,us USA,"FW,MF",PSV Eindhoven,20,2003,1.5,1,5,1,20.0,3.31,0.66,0.2,1.0,0,0,0,0.8,0.8,0.16,0.2,0.2
556,Tommaso Pobega,it ITA,MF,Milan,24,1999,1.7,0,8,1,12.5,4.83,0.6,0.0,0.0,0,0,0,0.6,0.6,0.08,-0.6,-0.6
557,Matteo Politano,it ITA,FW,Napoli,29,1993,6.4,1,13,6,46.2,2.03,0.94,0.08,0.17,0,0,0,0.6,0.6,0.04,0.4,0.4
559,Yussuf Poulsen,dk DEN,"FW,MF",RB Leipzig,29,1994,3.7,0,6,3,50.0,1.6,0.8,0.0,0.0,0,0,0,0.6,0.6,0.09,-0.6,-0.6
560,Ivan Provedel,it ITA,GK,Lazio,29,1994,8.0,1,1,1,100.0,0.12,0.12,1.0,1.0,0,0,0,0.5,0.5,0.47,0.5,0.5
561,Christian Pulisic,us USA,FW,Milan,24,1998,4.9,1,10,4,40.0,2.05,0.82,0.1,0.25,1,0,0,1.1,1.1,0.11,-0.1,-0.1
563,Ivan Rakitić,hr CRO,MF,Sevilla,35,1988,5.1,0,3,1,33.3,0.59,0.2,0.0,0.0,0,0,0,0.1,0.1,0.03,-0.1,-0.1
564,Yaroslav Rakitskiy,ua UKR,DF,Shakhtar,33,1989,3.8,1,1,1,100.0,0.26,0.26,1.0,1.0,1,0,0,0.0,0.0,0.0,1.0,1.0
566,Gonçalo Ramos,pt POR,FW,Paris S-G,22,2001,2.4,0,9,1,11.1,3.77,0.42,0.0,0.0,0,0,0,1.7,1.7,0.19,-1.7,-1.7
567,Sergio Ramos,es ESP,DF,Sevilla,37,1986,5.0,2,7,1,14.3,1.4,0.2,0.14,1.0,0,1,1,1.8,1.0,0.14,0.2,0.0
569,Raphinha,br BRA,FW,Barcelona,26,1996,5.2,3,24,13,54.2,4.6,2.49,0.13,0.23,2,0,0,2.5,2.5,0.11,0.5,0.5
570,Marcus Rashford,eng ENG,FW,Manchester Utd,25,1997,3.2,0,3,1,33.3,0.94,0.31,0.0,0.0,0,0,0,0.1,0.1,0.03,-0.1,-0.1
572,Giacomo Raspadori,it ITA,"FW,MF",Napoli,23,2000,2.8,1,9,1,11.1,3.2,0.36,0.11,1.0,2,0,0,0.3,0.3,0.04,0.7,0.7
573,Petar Ratkov,rs SRB,FW,RB Salzburg,19,2003,2.4,0,8,3,37.5,3.4,1.27,0.0,0.0,0,0,0,0.5,0.5,0.07,-0.5,-0.5
574,David Raum,de GER,DF,RB Leipzig,25,1998,7.0,1,2,2,100.0,0.29,0.29,0.5,0.5,0,0,0,0.2,0.2,0.11,0.8,0.8
576,Sergio Reguilón,es ESP,DF,Manchester Utd,26,1996,1.7,0,2,1,50.0,1.18,0.59,0.0,0.0,0,0,0,0.2,0.2,0.08,-0.2,-0.2
577,Tijjani Reijnders,nl NED,MF,Milan,25,1998,5.3,0,6,1,16.7,1.13,0.19,0.0,0.0,0,0,0,0.3,0.3,0.06,-0.3,-0.3
579,Marco Reus,de GER,"MF,FW",Dortmund,34,1989,5.4,2,9,3,33.3,1.66,0.55,0.11,0.33,1,1,1,2.0,1.2,0.14,0.0,-0.2
582,Rodrigo Riquelme,es ESP,DF,Atlético Madrid,23,2000,3.5,0,10,2,20.0,2.82,0.56,0.0,0.0,0,0,0,0.7,0.7,0.07,-0.7,-0.7
585,Milan Rodić,rs SRB,DF,Red Star,32,1991,4.6,0,3,1,33.3,0.65,0.22,0.0,0.0,0,0,0,0.1,0.1,0.02,-0.1,-0.1
586,Rodri,es ESP,MF,Manchester City,27,1996,7.7,1,12,4,33.3,1.55,0.52,0.08,0.25,0,0,0,0.8,0.8,0.07,0.2,0.2
587,Rodrygo,br BRA,FW,Real Madrid,22,2001,11.2,5,38,19,50.0,3.38,1.69,0.13,0.26,2,0,0,5.7,5.7,0.16,-0.7,-0.7
588,Alessio Romagnoli,it ITA,DF,Lazio,28,1995,6.0,0,5,1,20.0,0.83,0.17,0.0,0.0,0,0,0,0.7,0.7,0.15,-0.7,-0.7
590,Jérôme Roussillon,fr FRA,DF,Union Berlin,30,1993,2.9,0,2,1,50.0,0.68,0.34,0.0,0.0,0,0,0,0.1,0.1,0.03,-0.1,-0.1
592,Amir Rrahmani,xk KVX,DF,Napoli,29,1994,6.1,1,5,2,40.0,0.82,0.33,0.2,0.5,0,0,0,0.5,0.5,0.09,0.5,0.5
594,Antonio Rüdiger,de GER,DF,Real Madrid,30,1993,11.6,0,6,2,33.3,0.52,0.17,0.0,0.0,0,0,0,0.7,0.7,0.12,-0.7,-0.7
596,Abel Ruiz,es ESP,"FW,MF",Braga,23,2000,2.4,0,7,2,28.6,2.96,0.85,0.0,0.0,0,0,0,0.9,0.9,0.13,-0.9,-0.9
598,Fabián Ruiz Peña,es ESP,MF,Paris S-G,27,1996,6.9,0,13,1,7.7,1.89,0.15,0.0,0.0,0,0,0,1.4,1.4,0.1,-1.4,-1.4
599,Julian Ryerson,no NOR,DF,Dortmund,25,1997,10.0,0,5,1,20.0,0.5,0.1,0.0,0.0,0,0,0,0.2,0.2,0.04,-0.2,-0.2
602,Marcel Sabitzer,at AUT,MF,Dortmund,29,1994,10.3,1,12,8,66.7,1.16,0.78,0.08,0.13,0,0,0,1.2,1.2,0.1,-0.2,-0.2
603,Umar Sadiq,ng NGA,FW,Real Sociedad,26,1997,1.1,0,1,1,100.0,0.88,0.88,0.0,0.0,0,0,0,0.0,0.0,0.0,0.0,0.0
604,Ismael Saibari,ma MAR,MF,PSV Eindhoven,22,2001,3.5,1,11,5,45.5,3.11,1.42,0.09,0.2,0,0,0,1.8,1.8,0.18,-0.8,-0.8
606,Bukayo Saka,eng ENG,FW,Arsenal,21,2001,8.0,4,13,6,46.2,1.62,0.75,0.31,0.67,1,0,0,1.6,1.6,0.12,2.4,2.4
610,Alexis Sánchez,cl CHI,FW,Inter,34,1988,3.7,2,2,2,100.0,0.54,0.54,0.5,0.5,1,1,1,1.2,0.5,0.23,0.8,0.5
613,Jadon Sancho,eng ENG,FW,Dortmund,23,2000,6.2,1,3,1,33.3,0.48,0.16,0.33,1.0,0,0,0,0.2,0.2,0.06,0.8,0.8
614,Leroy Sané,de GER,FW,Bayern Munich,27,1996,10.2,2,25,11,44.0,2.44,1.07,0.08,0.18,2,0,0,1.9,1.9,0.08,0.1,0.1
615,Zaidu Sanusi,ng NGA,DF,Porto,26,1997,3.4,0,3,1,33.3,0.88,0.29,0.0,0.0,0,0,0,0.1,0.1,0.03,-0.1,-0.1
618,Stefan Savić,me MNE,DF,Atlético Madrid,32,1991,4.6,0,2,1,50.0,0.44,0.22,0.0,0.0,0,0,0,0.0,0.0,0.0,0.0,0.0
620,Fabian Schär,ch SUI,DF,Newcastle Utd,31,1991,6.0,1,5,3,60.0,0.83,0.5,0.2,0.33,1,0,0,0.2,0.2,0.05,0.8,0.8
622,Xaver Schlager,at AUT,MF,RB Leipzig,25,1997,6.9,1,2,1,50.0,0.29,0.14,0.5,1.0,0,0,0,0.1,0.1,0.03,0.9,0.9
624,Nico Schlotterbeck,de GER,DF,Dortmund,23,1999,10.8,0,5,1,20.0,0.46,0.09,0.0,0.0,0,0,0,0.4,0.4,0.07,-0.4,-0.4
627,Benjamin Šeško,si SVN,FW,RB Leipzig,20,2003,4.5,2,15,8,53.3,3.34,1.78,0.13,0.25,0,0,0,2.8,2.8,0.19,-0.8,-0.8
628,Luke Shaw,eng ENG,DF,Manchester Utd,28,1995,1.5,0,2,1,50.0,1.33,0.67,0.0,0.0,0,0,0,0.1,0.1,0.03,-0.1,-0.1
630,Danylo Sikan,ua UKR,FW,Shakhtar,22,2001,5.3,4,11,7,63.6,2.08,1.33,0.36,0.57,0,0,0,3.0,3.0,0.28,1.0,1.0
631,André Silva,pt POR,FW,Real Sociedad,27,1995,1.0,0,4,1,25.0,3.91,0.98,0.0,0.0,0,0,0,0.2,0.2,0.06,-0.2,-0.2
633,Bernardo Silva,pt POR,"FW,MF",Manchester City,28,1994,5.9,2,17,4,23.5,2.87,0.67,0.12,0.5,2,0,0,1.8,1.8,0.1,0.2,0.2
634,Rafa Silva,pt POR,"MF,FW",Benfica,30,1993,5.6,2,12,4,33.3,2.15,0.72,0.17,0.5,0,0,0,2.3,2.3,0.2,-0.3,-0.3
635,Mohamed Simakan,fr FRA,DF,RB Leipzig,23,2000,6.6,1,5,1,20.0,0.75,0.15,0.2,1.0,0,0,0,0.7,0.7,0.14,0.3,0.3
636,Giovanni Simeone,ar ARG,FW,Napoli,28,1995,1.1,1,7,2,28.6,6.49,1.86,0.14,0.5,0,0,0,1.4,1.4,0.2,-0.4,-0.4
637,Roko Simic,hr CRO,FW,RB Salzburg,19,2003,3.8,1,7,3,42.9,1.86,0.8,0.0,0.0,0,1,1,1.1,0.4,0.06,-0.1,-0.4
638,Xavi Simons,nl NED,"MF,FW",RB Leipzig,20,2003,6.6,2,18,7,38.9,2.72,1.06,0.11,0.29,0,0,0,1.3,1.3,0.07,0.7,0.7
639,Leo Skiri Østigård,no NOR,DF,Napoli,23,1999,2.1,1,4,2,50.0,1.9,0.95,0.25,0.5,0,0,0,0.4,0.4,0.09,0.6,0.6
640,Milan Škriniar,sk SVK,DF,Paris S-G,28,1995,6.0,1,3,1,33.3,0.5,0.17,0.33,1.0,0,0,0,0.5,0.5,0.18,0.5,0.5
641,Emile Smith Rowe,eng ENG,MF,Arsenal,23,2000,0.5,0,3,1,33.3,6.0,2.0,0.0,0.0,0,0,0,0.2,0.2,0.05,-0.2,-0.2
646,Florian Sotoca,fr FRA,MF,Lens,32,1990,5.2,0,9,2,22.2,1.73,0.39,0.0,0.0,0,0,0,0.5,0.5,0.06,-0.5,-0.5
653,Marko Stamenic,nz NZL,MF,Red Star,21,2002,3.3,1,2,2,100.0,0.61,0.61,0.5,0.5,0,0,0,0.5,0.5,0.26,0.5,0.5
655,Calvin Stengs,nl NED,"FW,MF",Feyenoord,24,1998,5.2,1,4,4,100.0,0.77,0.77,0.25,0.25,2,0,0,0.4,0.4,0.1,0.6,0.6
656,Taras Stepanenko,ua UKR,MF,Shakhtar,33,1989,5.5,0,7,2,28.6,1.27,0.36,0.0,0.0,0,0,0,0.5,0.5,0.07,-0.5,-0.5
658,Luka Sučić,hr CRO,"FW,MF",RB Salzburg,20,2002,4.4,1,8,2,25.0,1.84,0.46,0.13,0.5,0,0,0,0.3,0.3,0.04,0.7,0.7
659,Heorhiy Sudakov,ua UKR,MF,Shakhtar,20,2002,6.0,1,10,2,20.0,1.67,0.33,0.1,0.5,1,0,0,1.1,1.1,0.11,-0.1,-0.1
664,Mehdi Taremi,ir IRN,FW,Porto,31,1992,6.1,2,22,9,40.9,3.63,1.49,0.09,0.22,0,0,0,2.6,2.6,0.12,-0.6,-0.6
668,Mathys Tel,fr FRA,"FW,MF",Bayern Munich,18,2005,1.6,2,8,2,25.0,4.97,1.24,0.25,1.0,0,0,0,0.8,0.8,0.1,1.2,1.2
669,Casper Tengstedt,dk DEN,FW,Benfica,23,2000,1.5,0,2,1,50.0,1.31,0.66,0.0,0.0,0,0,0,0.1,0.1,0.07,-0.1,-0.1
672,Tetê,br BRA,FW,Galatasaray,23,2000,2.5,1,3,1,33.3,1.18,0.39,0.33,1.0,0,0,0,0.2,0.2,0.05,0.8,0.8
673,Jordan Teze,nl NED,DF,PSV Eindhoven,23,1999,8.0,1,4,2,50.0,0.5,0.25,0.25,0.5,0,0,0,0.3,0.3,0.06,0.7,0.7
677,Adrien Thomasson,fr FRA,MF,Lens,29,1993,2.5,1,5,1,20.0,2.01,0.4,0.2,1.0,0,0,0,0.4,0.4,0.07,0.6,0.6
678,Marcus Thuram,fr FRA,FW,Inter,25,1997,5.1,1,9,2,22.2,1.77,0.39,0.11,0.5,0,0,0,1.5,1.5,0.16,-0.5,-0.5
680,Guus Til,nl NED,MF,PSV Eindhoven,25,1997,2.0,0,4,2,50.0,1.96,0.98,0.0,0.0,0,0,0,0.2,0.2,0.05,-0.2,-0.2
682,Quinten Timber,nl NED,MF,Feyenoord,22,2001,5.1,0,8,2,25.0,1.56,0.39,0.0,0.0,0,0,0,0.6,0.6,0.08,-0.6,-0.6
683,Takehiro Tomiyasu,jp JPN,DF,Arsenal,24,1998,4.3,0,2,1,50.0,0.46,0.23,0.0,0.0,0,0,0,0.3,0.3,0.17,-0.3,-0.3
684,Fikayo Tomori,eng ENG,DF,Milan,25,1997,6.0,0,5,1,20.0,0.83,0.17,0.0,0.0,2,0,0,0.5,0.5,0.1,-0.5,-0.5
686,Lucas Torreira,uy URU,MF,Galatasaray,27,1996,5.5,0,5,1,20.0,0.91,0.18,0.0,0.0,0,0,0,0.4,0.4,0.07,-0.4,-0.4
687,Ferrán Torres,es ESP,FW,Barcelona,23,2000,4.2,3,11,4,36.4,2.62,0.95,0.27,0.75,1,0,0,1.6,1.6,0.14,1.4,1.4
691,Hamari Traoré,ml MLI,DF,Real Sociedad,31,1992,5.9,0,3,1,33.3,0.51,0.17,0.0,0.0,0,0,0,0.1,0.1,0.02,-0.1,-0.1
693,Christopher Trimmel,at AUT,"FW,DF",Union Berlin,36,1987,1.4,0,1,1,100.0,0.71,0.71,0.0,0.0,0,0,0,0.0,0.0,0.0,0.0,0.0
695,Leandro Trossard,be BEL,FW,Arsenal,28,1994,5.9,4,9,6,66.7,1.53,1.02,0.44,0.67,0,0,0,1.6,1.6,0.17,2.4,2.4
698,Beñat Turrientes,es ESP,MF,Real Sociedad,21,2002,2.1,0,7,2,28.6,3.28,0.94,0.0,0.0,0,0,0,0.5,0.5,0.08,-0.5,-0.5
699,Ayase Ueda,jp JPN,FW,Feyenoord,24,1998,1.7,0,10,3,30.0,5.96,1.79,0.0,0.0,0,0,0,1.5,1.5,0.15,-1.5,-1.5
702,Filip Ugrinic,ch SUI,MF,Young Boys,24,1999,5.7,1,9,3,33.3,1.57,0.52,0.11,0.33,1,0,0,0.5,0.5,0.06,0.5,0.5
707,Federico Valverde,uy URU,"MF,FW",Real Madrid,25,1998,11.9,1,24,4,16.7,2.02,0.34,0.04,0.25,0,0,0,1.1,1.1,0.05,-0.1,-0.1
710,Alan Varela,ar ARG,MF,Porto,22,2001,7.8,0,8,2,25.0,1.02,0.26,0.0,0.0,0,0,0,0.4,0.4,0.05,-0.4,-0.4
711,Denis Vavro,sk SVK,DF,FC Copenhagen,27,1996,7.9,0,7,2,28.6,0.89,0.25,0.0,0.0,0,0,0,0.1,0.1,0.02,-0.1,-0.1
712,Lucas Vázquez,es ESP,DF,Real Madrid,32,1991,4.2,0,3,1,33.3,0.72,0.24,0.0,0.0,0,0,0,0.1,0.1,0.04,-0.1,-0.1
713,Matías Vecino,uy URU,MF,Lazio,31,1991,5.2,1,7,1,14.3,1.34,0.19,0.14,1.0,0,0,0,0.6,0.6,0.09,0.4,0.4
714,Joey Veerman,nl NED,MF,PSV Eindhoven,24,1998,6.4,0,8,3,37.5,1.25,0.47,0.0,0.0,2,0,0,0.4,0.4,0.05,-0.4,-0.4
715,Arthur Vermeeren,be BEL,MF,Antwerp,18,2005,6.0,1,5,2,40.0,0.83,0.33,0.2,0.5,0,0,0,0.5,0.5,0.11,0.5,0.5
716,Yorbe Vertessen,be BEL,FW,PSV Eindhoven,22,2001,1.8,1,5,1,20.0,2.8,0.56,0.2,1.0,0,0,0,0.4,0.4,0.08,0.6,0.6
718,Vitinha,pt POR,MF,Paris S-G,23,2000,10.2,2,22,6,27.3,2.17,0.59,0.09,0.33,0,0,0,1.3,1.3,0.06,0.7,0.7
719,Kevin Volland,de GER,"FW,MF",Union Berlin,31,1992,2.6,1,2,2,100.0,0.77,0.77,0.5,0.5,0,0,0,0.7,0.7,0.34,0.3,0.3
721,Elye Wahi,fr FRA,FW,Lens,20,2003,5.1,2,14,3,21.4,2.77,0.59,0.14,0.67,0,0,0,1.1,1.1,0.08,0.9,0.9
722,Kyle Walker,eng ENG,DF,Manchester City,33,1990,5.6,0,2,1,50.0,0.36,0.18,0.0,0.0,1,0,0,0.2,0.2,0.1,-0.2,-0.2
726,Wendell,br BRA,DF,Porto,30,1993,4.3,0,3,1,33.3,0.7,0.23,0.0,0.0,0,0,0,0.1,0.1,0.05,-0.1,-0.1
729,Ben White,eng ENG,DF,Arsenal,25,1997,8.4,0,8,1,12.5,0.95,0.12,0.0,0.0,0,0,0,0.6,0.6,0.07,-0.6,-0.6
730,Mats Wieffer,nl NED,MF,Feyenoord,23,1999,5.2,1,7,1,14.3,1.34,0.19,0.14,1.0,0,0,0,0.6,0.6,0.09,0.4,0.4
732,Joe Willock,eng ENG,MF,Newcastle Utd,23,1999,1.1,0,2,1,50.0,1.78,0.89,0.0,0.0,0,0,0,0.0,0.0,0.0,0.0,0.0
733,Callum Wilson,eng ENG,FW,Newcastle Utd,31,1992,2.7,0,6,3,50.0,2.26,1.13,0.0,0.0,0,0,0,0.8,0.8,0.13,-0.8,-0.8
734,Axel Witsel,be BEL,"DF,MF",Atlético Madrid,34,1989,9.8,0,3,2,66.7,0.31,0.2,0.0,0.0,0,0,0,0.2,0.2,0.06,-0.2,-0.2
735,Marius Wolf,de GER,"DF,FW",Dortmund,28,1995,3.2,0,3,1,33.3,0.95,0.32,0.0,0.0,0,0,0,0.2,0.2,0.08,-0.2,-0.2
737,Lamine Yamal,es ESP,FW,Barcelona,16,2007,6.4,0,21,2,9.5,3.28,0.31,0.0,0.0,0,0,0,1.7,1.7,0.08,-1.7,-1.7
738,Alhassan Yusuf,ng NGA,MF,Antwerp,23,2000,4.2,1,3,2,66.7,0.71,0.47,0.33,0.5,0,0,0,0.2,0.2,0.08,0.8,0.8
739,Mattia Zaccagni,it ITA,FW,Lazio,28,1995,5.1,0,7,3,42.9,1.37,0.59,0.0,0.0,2,0,0,0.2,0.2,0.03,-0.2,-0.2
740,Wilfried Zaha,ci CIV,FW,Galatasaray,30,1992,4.4,1,9,2,22.2,2.03,0.45,0.11,0.5,0,0,0,0.8,0.8,0.09,0.2,0.2
741,Warren Zaïre-Emery,fr FRA,MF,Paris S-G,17,2006,10.0,1,7,2,28.6,0.7,0.2,0.14,0.5,0,0,0,0.7,0.7,0.1,0.3,0.3
742,Arsen Zakharyan,ru RUS,"FW,MF",Real Sociedad,20,2003,2.4,0,4,1,25.0,1.64,0.41,0.0,0.0,0,0,0,0.3,0.3,0.09,-0.3,-0.3
743,Rodrigo Zalazar,uy URU,MF,Braga,23,1999,4.4,0,6,1,16.7,1.37,0.23,0.0,0.0,1,0,0,0.1,0.1,0.02,-0.1,-0.1
744,Andre-Frank Zambo Anguissa,cm CMR,MF,Napoli,27,1995,7.0,1,10,3,30.0,1.44,0.43,0.1,0.33,0,0,0,1.0,1.0,0.1,0.0,0.0
746,Ramiz Zerrouki,dz ALG,MF,Feyenoord,25,1998,3.9,1,5,1,20.0,1.27,0.25,0.2,1.0,0,0,0,0.1,0.1,0.03,0.9,0.9
747,Piotr Zieliński,pl POL,MF,Napoli,29,1994,5.2,1,7,3,42.9,1.35,0.58,0.0,0.0,0,1,1,2.0,1.3,0.18,-1.0,-1.3
748,Oleksandr Zinchenko,ua UKR,DF,Arsenal,26,1996,3.1,0,1,1,100.0,0.32,0.32,0.0,0.0,0,0,0,0.1,0.1,0.06,-0.1,-0.1
749,Hakim Ziyech,ma MAR,FW,Galatasaray,30,1993,2.8,2,7,4,57.1,2.53,1.45,0.29,0.5,2,0,0,0.2,0.2,0.03,1.8,1.8
751,Martín Zubimendi,es ESP,MF,Real Sociedad,24,1999,7.9,0,7,1,14.3,0.88,0.13,0.0,0.0,0,0,0,0.6,0.6,0.09,-0.6,-0.6
752,Oleksandr Zubkov,ua UKR,"FW,MF",Shakhtar,26,1996,5.9,0,10,2,20.0,1.68,0.34,0.0,0.0,0,0,0,0.4,0.4,0.04,-0.4,-0.4
754,Martin Ødegaard,no NOR,MF,Arsenal,24,1998,8.3,2,17,6,35.3,2.04,0.72,0.12,0.33,0,0,0,1.3,1.3,0.08,0.7,0.7
